Region,Sex,Disability,Status,Household Population 5 Years Old and Over with Functional Difficulty,Gender Population,Gender affected by disability per 100k
BANGSAMORO AUTONOMOUS REGION IN MUSLIM MINDANAO (BARMM),Female,Cognitive Disability,Mild,21592,2091657.5,1032
BANGSAMORO AUTONOMOUS REGION IN MUSLIM MINDANAO (BARMM),Female,Cognitive Disability,Moderate,1871,2091657.5,89
BANGSAMORO AUTONOMOUS REGION IN MUSLIM MINDANAO (BARMM),Female,Cognitive Disability,Severe,385,2091657.5,18
BANGSAMORO AUTONOMOUS REGION IN MUSLIM MINDANAO (BARMM),Female,Communication Disability,Mild,11157,2091657.5,533
BANGSAMORO AUTONOMOUS REGION IN MUSLIM MINDANAO (BARMM),Female,Communication Disability,Moderate,2563,2091657.5,122
BANGSAMORO AUTONOMOUS REGION IN MUSLIM MINDANAO (BARMM),Female,Communication Disability,Severe,1937,2091657.5,92
BANGSAMORO AUTONOMOUS REGION IN MUSLIM MINDANAO (BARMM),Female,Hearing Disability,Mild,27307,2091657.5,1305
BANGSAMORO AUTONOMOUS REGION IN MUSLIM MINDANAO (BARMM),Female,Hearing Disability,Moderate,1921,2091657.5,91
BANGSAMORO AUTONOMOUS REGION IN MUSLIM MINDANAO (BARMM),Female,Hearing Disability,Severe,298,2091657.5,14
BANGSAMORO AUTONOMOUS REGION IN MUSLIM MINDANAO (BARMM),Female,Mobility Disability,Mild,26711,2091657.5,1277
BANGSAMORO AUTONOMOUS REGION IN MUSLIM MINDANAO (BARMM),Female,Mobility Disability,Moderate,2530,2091657.5,120
BANGSAMORO AUTONOMOUS REGION IN MUSLIM MINDANAO (BARMM),Female,Mobility Disability,Severe,535,2091657.5,25
BANGSAMORO AUTONOMOUS REGION IN MUSLIM MINDANAO (BARMM),Female,Self-Care Disability,Mild,15466,2091657.5,739
BANGSAMORO AUTONOMOUS REGION IN MUSLIM MINDANAO (BARMM),Female,Self-Care Disability,Moderate,1850,2091657.5,88
BANGSAMORO AUTONOMOUS REGION IN MUSLIM MINDANAO (BARMM),Female,Self-Care Disability,Severe,1206,2091657.5,57
BANGSAMORO AUTONOMOUS REGION IN MUSLIM MINDANAO (BARMM),Female,Visual Disability,Mild,57360,2091657.5,2742
BANGSAMORO AUTONOMOUS REGION IN MUSLIM MINDANAO (BARMM),Female,Visual Disability,Moderate,3249,2091657.5,155
BANGSAMORO AUTONOMOUS REGION IN MUSLIM MINDANAO (BARMM),Female,Visual Disability,Severe,1908,2091657.5,91
BANGSAMORO AUTONOMOUS REGION IN MUSLIM MINDANAO (BARMM),Male,Cognitive Disability,Mild,20153,2091657.5,963
BANGSAMORO AUTONOMOUS REGION IN MUSLIM MINDANAO (BARMM),Male,Cognitive Disability,Moderate,1630,2091657.5,77
BANGSAMORO AUTONOMOUS REGION IN MUSLIM MINDANAO (BARMM),Male,Cognitive Disability,Severe,312,2091657.5,14
BANGSAMORO AUTONOMOUS REGION IN MUSLIM MINDANAO (BARMM),Male,Communication Disability,Mild,11403,2091657.5,545
BANGSAMORO AUTONOMOUS REGION IN MUSLIM MINDANAO (BARMM),Male,Communication Disability,Moderate,1847,2091657.5,88
BANGSAMORO AUTONOMOUS REGION IN MUSLIM MINDANAO (BARMM),Male,Communication Disability,Severe,1297,2091657.5,62
BANGSAMORO AUTONOMOUS REGION IN MUSLIM MINDANAO (BARMM),Male,Hearing Disability,Mild,27095,2091657.5,1295
BANGSAMORO AUTONOMOUS REGION IN MUSLIM MINDANAO (BARMM),Male,Hearing Disability,Moderate,1714,2091657.5,81
BANGSAMORO AUTONOMOUS REGION IN MUSLIM MINDANAO (BARMM),Male,Hearing Disability,Severe,352,2091657.5,16
BANGSAMORO AUTONOMOUS REGION IN MUSLIM MINDANAO (BARMM),Male,Mobility Disability,Mild,25473,2091657.5,1217
BANGSAMORO AUTONOMOUS REGION IN MUSLIM MINDANAO (BARMM),Male,Mobility Disability,Moderate,2206,2091657.5,105
BANGSAMORO AUTONOMOUS REGION IN MUSLIM MINDANAO (BARMM),Male,Mobility Disability,Severe,511,2091657.5,24
BANGSAMORO AUTONOMOUS REGION IN MUSLIM MINDANAO (BARMM),Male,Self-Care Disability,Mild,14612,2091657.5,698
BANGSAMORO AUTONOMOUS REGION IN MUSLIM MINDANAO (BARMM),Male,Self-Care Disability,Moderate,1785,2091657.5,85
BANGSAMORO AUTONOMOUS REGION IN MUSLIM MINDANAO (BARMM),Male,Self-Care Disability,Severe,1326,2091657.5,63
BANGSAMORO AUTONOMOUS REGION IN MUSLIM MINDANAO (BARMM),Male,Visual Disability,Mild,56400,2091657.5,2696
BANGSAMORO AUTONOMOUS REGION IN MUSLIM MINDANAO (BARMM),Male,Visual Disability,Moderate,2803,2091657.5,134
BANGSAMORO AUTONOMOUS REGION IN MUSLIM MINDANAO (BARMM),Male,Visual Disability,Severe,1819,2091657.5,86
Cordillera Administrative Region (CAR),Female,Cognitive Disability,Mild,15987,903869.5,1768
Cordillera Administrative Region (CAR),Female,Cognitive Disability,Moderate,2488,903869.5,275
Cordillera Administrative Region (CAR),Female,Cognitive Disability,Severe,626,903869.5,69
Cordillera Administrative Region (CAR),Female,Communication Disability,Mild,3354,903869.5,371
Cordillera Administrative Region (CAR),Female,Communication Disability,Moderate,1459,903869.5,161
Cordillera Administrative Region (CAR),Female,Communication Disability,Severe,1172,903869.5,129
Cordillera Administrative Region (CAR),Female,Hearing Disability,Mild,18941,903869.5,2095
Cordillera Administrative Region (CAR),Female,Hearing Disability,Moderate,3025,903869.5,334
Cordillera Administrative Region (CAR),Female,Hearing Disability,Severe,638,903869.5,70
Cordillera Administrative Region (CAR),Female,Mobility Disability,Mild,18825,903869.5,2082
Cordillera Administrative Region (CAR),Female,Mobility Disability,Moderate,3721,903869.5,411
Cordillera Administrative Region (CAR),Female,Mobility Disability,Severe,1580,903869.5,174
Cordillera Administrative Region (CAR),Female,Self-Care Disability,Mild,3818,903869.5,422
Cordillera Administrative Region (CAR),Female,Self-Care Disability,Moderate,1547,903869.5,171
Cordillera Administrative Region (CAR),Female,Self-Care Disability,Severe,1824,903869.5,201
Cordillera Administrative Region (CAR),Female,Visual Disability,Mild,54767,903869.5,6059
Cordillera Administrative Region (CAR),Female,Visual Disability,Moderate,4503,903869.5,498
Cordillera Administrative Region (CAR),Female,Visual Disability,Severe,749,903869.5,82
Cordillera Administrative Region (CAR),Male,Cognitive Disability,Mild,11709,903869.5,1295
Cordillera Administrative Region (CAR),Male,Cognitive Disability,Moderate,1742,903869.5,192
Cordillera Administrative Region (CAR),Male,Cognitive Disability,Severe,561,903869.5,62
Cordillera Administrative Region (CAR),Male,Communication Disability,Mild,3242,903869.5,358
Cordillera Administrative Region (CAR),Male,Communication Disability,Moderate,1460,903869.5,161
Cordillera Administrative Region (CAR),Male,Communication Disability,Severe,1217,903869.5,134
Cordillera Administrative Region (CAR),Male,Hearing Disability,Mild,16460,903869.5,1821
Cordillera Administrative Region (CAR),Male,Hearing Disability,Moderate,2497,903869.5,276
Cordillera Administrative Region (CAR),Male,Hearing Disability,Severe,640,903869.5,70
Cordillera Administrative Region (CAR),Male,Mobility Disability,Mild,16179,903869.5,1789
Cordillera Administrative Region (CAR),Male,Mobility Disability,Moderate,3312,903869.5,366
Cordillera Administrative Region (CAR),Male,Mobility Disability,Severe,1416,903869.5,156
Cordillera Administrative Region (CAR),Male,Self-Care Disability,Mild,3474,903869.5,384
Cordillera Administrative Region (CAR),Male,Self-Care Disability,Moderate,1389,903869.5,153
Cordillera Administrative Region (CAR),Male,Self-Care Disability,Severe,1615,903869.5,178
Cordillera Administrative Region (CAR),Male,Visual Disability,Mild,39859,903869.5,4409
Cordillera Administrative Region (CAR),Male,Visual Disability,Moderate,3230,903869.5,357
Cordillera Administrative Region (CAR),Male,Visual Disability,Severe,618,903869.5,68
MIMAROPA Region,Female,Cognitive Disability,Mild,33733,1587428.0,2125
MIMAROPA Region,Female,Cognitive Disability,Moderate,4051,1587428.0,255
MIMAROPA Region,Female,Cognitive Disability,Severe,1038,1587428.0,65
MIMAROPA Region,Female,Communication Disability,Mild,6551,1587428.0,412
MIMAROPA Region,Female,Communication Disability,Moderate,2717,1587428.0,171
MIMAROPA Region,Female,Communication Disability,Severe,2030,1587428.0,127
MIMAROPA Region,Female,Hearing Disability,Mild,33018,1587428.0,2079
MIMAROPA Region,Female,Hearing Disability,Moderate,4518,1587428.0,284
MIMAROPA Region,Female,Hearing Disability,Severe,978,1587428.0,61
MIMAROPA Region,Female,Mobility Disability,Mild,31358,1587428.0,1975
MIMAROPA Region,Female,Mobility Disability,Moderate,6377,1587428.0,401
MIMAROPA Region,Female,Mobility Disability,Severe,2660,1587428.0,167
MIMAROPA Region,Female,Self-Care Disability,Mild,6462,1587428.0,407
MIMAROPA Region,Female,Self-Care Disability,Moderate,2260,1587428.0,142
MIMAROPA Region,Female,Self-Care Disability,Severe,2959,1587428.0,186
MIMAROPA Region,Female,Visual Disability,Mild,142628,1587428.0,8984
MIMAROPA Region,Female,Visual Disability,Moderate,11511,1587428.0,725
MIMAROPA Region,Female,Visual Disability,Severe,1242,1587428.0,78
MIMAROPA Region,Male,Cognitive Disability,Mild,22969,1587428.0,1446
MIMAROPA Region,Male,Cognitive Disability,Moderate,2983,1587428.0,187
MIMAROPA Region,Male,Cognitive Disability,Severe,964,1587428.0,60
MIMAROPA Region,Male,Communication Disability,Mild,6582,1587428.0,414
MIMAROPA Region,Male,Communication Disability,Moderate,2726,1587428.0,171
MIMAROPA Region,Male,Communication Disability,Severe,2088,1587428.0,131
MIMAROPA Region,Male,Hearing Disability,Mild,30433,1587428.0,1917
MIMAROPA Region,Male,Hearing Disability,Moderate,4127,1587428.0,259
MIMAROPA Region,Male,Hearing Disability,Severe,1080,1587428.0,68
MIMAROPA Region,Male,Mobility Disability,Mild,28302,1587428.0,1782
MIMAROPA Region,Male,Mobility Disability,Moderate,6336,1587428.0,399
MIMAROPA Region,Male,Mobility Disability,Severe,2403,1587428.0,151
MIMAROPA Region,Male,Self-Care Disability,Mild,5732,1587428.0,361
MIMAROPA Region,Male,Self-Care Disability,Moderate,2117,1587428.0,133
MIMAROPA Region,Male,Self-Care Disability,Severe,2681,1587428.0,168
MIMAROPA Region,Male,Visual Disability,Mild,111863,1587428.0,7046
MIMAROPA Region,Male,Visual Disability,Moderate,8512,1587428.0,536
MIMAROPA Region,Male,Visual Disability,Severe,1094,1587428.0,68
National Capital Region (NCR),Female,Cognitive Disability,Mild,44750,6902328.0,648
National Capital Region (NCR),Female,Cognitive Disability,Moderate,6504,6902328.0,94
National Capital Region (NCR),Female,Cognitive Disability,Severe,2481,6902328.0,35
National Capital Region (NCR),Female,Communication Disability,Mild,17910,6902328.0,259
National Capital Region (NCR),Female,Communication Disability,Moderate,6435,6902328.0,93
National Capital Region (NCR),Female,Communication Disability,Severe,5982,6902328.0,86
National Capital Region (NCR),Female,Hearing Disability,Mild,72315,6902328.0,1047
National Capital Region (NCR),Female,Hearing Disability,Moderate,7042,6902328.0,102
National Capital Region (NCR),Female,Hearing Disability,Severe,2630,6902328.0,38
National Capital Region (NCR),Female,Mobility Disability,Mild,77819,6902328.0,1127
National Capital Region (NCR),Female,Mobility Disability,Moderate,13601,6902328.0,197
National Capital Region (NCR),Female,Mobility Disability,Severe,6034,6902328.0,87
National Capital Region (NCR),Female,Self-Care Disability,Mild,20805,6902328.0,301
National Capital Region (NCR),Female,Self-Care Disability,Moderate,6002,6902328.0,86
National Capital Region (NCR),Female,Self-Care Disability,Severe,6573,6902328.0,95
National Capital Region (NCR),Female,Visual Disability,Mild,444800,6902328.0,6444
National Capital Region (NCR),Female,Visual Disability,Moderate,27516,6902328.0,398
National Capital Region (NCR),Female,Visual Disability,Severe,3376,6902328.0,48
National Capital Region (NCR),Male,Cognitive Disability,Mild,29314,6902328.0,424
National Capital Region (NCR),Male,Cognitive Disability,Moderate,5319,6902328.0,77
National Capital Region (NCR),Male,Cognitive Disability,Severe,2418,6902328.0,35
National Capital Region (NCR),Male,Communication Disability,Mild,17588,6902328.0,254
National Capital Region (NCR),Male,Communication Disability,Moderate,6331,6902328.0,91
National Capital Region (NCR),Male,Communication Disability,Severe,5818,6902328.0,84
National Capital Region (NCR),Male,Hearing Disability,Mild,53424,6902328.0,773
National Capital Region (NCR),Male,Hearing Disability,Moderate,5527,6902328.0,80
National Capital Region (NCR),Male,Hearing Disability,Severe,2521,6902328.0,36
National Capital Region (NCR),Male,Mobility Disability,Mild,53681,6902328.0,777
National Capital Region (NCR),Male,Mobility Disability,Moderate,10945,6902328.0,158
National Capital Region (NCR),Male,Mobility Disability,Severe,4873,6902328.0,70
National Capital Region (NCR),Male,Self-Care Disability,Mild,16668,6902328.0,241
National Capital Region (NCR),Male,Self-Care Disability,Moderate,5283,6902328.0,76
National Capital Region (NCR),Male,Self-Care Disability,Severe,5593,6902328.0,81
National Capital Region (NCR),Male,Visual Disability,Mild,310947,6902328.0,4504
National Capital Region (NCR),Male,Visual Disability,Moderate,18543,6902328.0,268
National Capital Region (NCR),Male,Visual Disability,Severe,3126,6902328.0,45
REGION XI (DAVAO REGION),Female,Cognitive Disability,Mild,37485,2645433.5,1416
REGION XI (DAVAO REGION),Female,Cognitive Disability,Moderate,4600,2645433.5,173
REGION XI (DAVAO REGION),Female,Cognitive Disability,Severe,1286,2645433.5,48
REGION XI (DAVAO REGION),Female,Communication Disability,Mild,8179,2645433.5,309
REGION XI (DAVAO REGION),Female,Communication Disability,Moderate,3529,2645433.5,133
REGION XI (DAVAO REGION),Female,Communication Disability,Severe,2928,2645433.5,110
REGION XI (DAVAO REGION),Female,Hearing Disability,Mild,34716,2645433.5,1312
REGION XI (DAVAO REGION),Female,Hearing Disability,Moderate,4410,2645433.5,166
REGION XI (DAVAO REGION),Female,Hearing Disability,Severe,1170,2645433.5,44
REGION XI (DAVAO REGION),Female,Mobility Disability,Mild,32171,2645433.5,1216
REGION XI (DAVAO REGION),Female,Mobility Disability,Moderate,6326,2645433.5,239
REGION XI (DAVAO REGION),Female,Mobility Disability,Severe,3088,2645433.5,116
REGION XI (DAVAO REGION),Female,Self-Care Disability,Mild,9101,2645433.5,344
REGION XI (DAVAO REGION),Female,Self-Care Disability,Moderate,3004,2645433.5,113
REGION XI (DAVAO REGION),Female,Self-Care Disability,Severe,3463,2645433.5,130
REGION XI (DAVAO REGION),Female,Visual Disability,Mild,157253,2645433.5,5944
REGION XI (DAVAO REGION),Female,Visual Disability,Moderate,11085,2645433.5,419
REGION XI (DAVAO REGION),Female,Visual Disability,Severe,1562,2645433.5,59
REGION XI (DAVAO REGION),Male,Cognitive Disability,Mild,30495,2645433.5,1152
REGION XI (DAVAO REGION),Male,Cognitive Disability,Moderate,3854,2645433.5,145
REGION XI (DAVAO REGION),Male,Cognitive Disability,Severe,1390,2645433.5,52
REGION XI (DAVAO REGION),Male,Communication Disability,Mild,9227,2645433.5,348
REGION XI (DAVAO REGION),Male,Communication Disability,Moderate,3482,2645433.5,131
REGION XI (DAVAO REGION),Male,Communication Disability,Severe,3015,2645433.5,113
REGION XI (DAVAO REGION),Male,Hearing Disability,Mild,33335,2645433.5,1260
REGION XI (DAVAO REGION),Male,Hearing Disability,Moderate,4450,2645433.5,168
REGION XI (DAVAO REGION),Male,Hearing Disability,Severe,1346,2645433.5,50
REGION XI (DAVAO REGION),Male,Mobility Disability,Mild,31685,2645433.5,1197
REGION XI (DAVAO REGION),Male,Mobility Disability,Moderate,6741,2645433.5,254
REGION XI (DAVAO REGION),Male,Mobility Disability,Severe,2933,2645433.5,110
REGION XI (DAVAO REGION),Male,Self-Care Disability,Mild,8800,2645433.5,332
REGION XI (DAVAO REGION),Male,Self-Care Disability,Moderate,3029,2645433.5,114
REGION XI (DAVAO REGION),Male,Self-Care Disability,Severe,3414,2645433.5,129
REGION XI (DAVAO REGION),Male,Visual Disability,Mild,125294,2645433.5,4736
REGION XI (DAVAO REGION),Male,Visual Disability,Moderate,8940,2645433.5,337
REGION XI (DAVAO REGION),Male,Visual Disability,Severe,1416,2645433.5,53
REGION XII (SOCCSKSARGEN),Female,Cognitive Disability,Mild,57667,2459967.5,2344
REGION XII (SOCCSKSARGEN),Female,Cognitive Disability,Moderate,6635,2459967.5,269
REGION XII (SOCCSKSARGEN),Female,Cognitive Disability,Severe,1984,2459967.5,80
REGION XII (SOCCSKSARGEN),Female,Communication Disability,Mild,12355,2459967.5,502
REGION XII (SOCCSKSARGEN),Female,Communication Disability,Moderate,4647,2459967.5,188
REGION XII (SOCCSKSARGEN),Female,Communication Disability,Severe,3846,2459967.5,156
REGION XII (SOCCSKSARGEN),Female,Hearing Disability,Mild,50511,2459967.5,2053
REGION XII (SOCCSKSARGEN),Female,Hearing Disability,Moderate,6481,2459967.5,263
REGION XII (SOCCSKSARGEN),Female,Hearing Disability,Severe,1765,2459967.5,71
REGION XII (SOCCSKSARGEN),Female,Mobility Disability,Mild,44648,2459967.5,1814
REGION XII (SOCCSKSARGEN),Female,Mobility Disability,Moderate,8643,2459967.5,351
REGION XII (SOCCSKSARGEN),Female,Mobility Disability,Severe,4668,2459967.5,189
REGION XII (SOCCSKSARGEN),Female,Self-Care Disability,Mild,13455,2459967.5,546
REGION XII (SOCCSKSARGEN),Female,Self-Care Disability,Moderate,4319,2459967.5,175
REGION XII (SOCCSKSARGEN),Female,Self-Care Disability,Severe,5127,2459967.5,208
REGION XII (SOCCSKSARGEN),Female,Visual Disability,Mild,193418,2459967.5,7862
REGION XII (SOCCSKSARGEN),Female,Visual Disability,Moderate,13527,2459967.5,549
REGION XII (SOCCSKSARGEN),Female,Visual Disability,Severe,2115,2459967.5,85
REGION XII (SOCCSKSARGEN),Male,Cognitive Disability,Mild,44323,2459967.5,1801
REGION XII (SOCCSKSARGEN),Male,Cognitive Disability,Moderate,5406,2459967.5,219
REGION XII (SOCCSKSARGEN),Male,Cognitive Disability,Severe,1876,2459967.5,76
REGION XII (SOCCSKSARGEN),Male,Communication Disability,Mild,12561,2459967.5,510
REGION XII (SOCCSKSARGEN),Male,Communication Disability,Moderate,4821,2459967.5,195
REGION XII (SOCCSKSARGEN),Male,Communication Disability,Severe,4117,2459967.5,167
REGION XII (SOCCSKSARGEN),Male,Hearing Disability,Mild,47247,2459967.5,1920
REGION XII (SOCCSKSARGEN),Male,Hearing Disability,Moderate,6357,2459967.5,258
REGION XII (SOCCSKSARGEN),Male,Hearing Disability,Severe,1944,2459967.5,79
REGION XII (SOCCSKSARGEN),Male,Mobility Disability,Mild,43215,2459967.5,1756
REGION XII (SOCCSKSARGEN),Male,Mobility Disability,Moderate,9318,2459967.5,378
REGION XII (SOCCSKSARGEN),Male,Mobility Disability,Severe,4233,2459967.5,172
REGION XII (SOCCSKSARGEN),Male,Self-Care Disability,Mild,12515,2459967.5,508
REGION XII (SOCCSKSARGEN),Male,Self-Care Disability,Moderate,4099,2459967.5,166
REGION XII (SOCCSKSARGEN),Male,Self-Care Disability,Severe,4905,2459967.5,199
REGION XII (SOCCSKSARGEN),Male,Visual Disability,Mild,153359,2459967.5,6234
REGION XII (SOCCSKSARGEN),Male,Visual Disability,Moderate,10637,2459967.5,432
REGION XII (SOCCSKSARGEN),Male,Visual Disability,Severe,1826,2459967.5,74
Region I (Ilocos Region),Female,Cognitive Disability,Mild,34621,2635403.5,1313
Region I (Ilocos Region),Female,Cognitive Disability,Moderate,5428,2635403.5,205
Region I (Ilocos Region),Female,Cognitive Disability,Severe,1878,2635403.5,71
Region I (Ilocos Region),Female,Communication Disability,Mild,9963,2635403.5,378
Region I (Ilocos Region),Female,Communication Disability,Moderate,4208,2635403.5,159
Region I (Ilocos Region),Female,Communication Disability,Severe,3475,2635403.5,131
Region I (Ilocos Region),Female,Hearing Disability,Mild,56049,2635403.5,2126
Region I (Ilocos Region),Female,Hearing Disability,Moderate,8189,2635403.5,310
Region I (Ilocos Region),Female,Hearing Disability,Severe,1733,2635403.5,65
Region I (Ilocos Region),Female,Mobility Disability,Mild,50371,2635403.5,1911
Region I (Ilocos Region),Female,Mobility Disability,Moderate,9774,2635403.5,370
Region I (Ilocos Region),Female,Mobility Disability,Severe,5217,2635403.5,197
Region I (Ilocos Region),Female,Self-Care Disability,Mild,11112,2635403.5,421
Region I (Ilocos Region),Female,Self-Care Disability,Moderate,4020,2635403.5,152
Region I (Ilocos Region),Female,Self-Care Disability,Severe,5908,2635403.5,224
Region I (Ilocos Region),Female,Visual Disability,Mild,206444,2635403.5,7833
Region I (Ilocos Region),Female,Visual Disability,Moderate,13559,2635403.5,514
Region I (Ilocos Region),Female,Visual Disability,Severe,2870,2635403.5,108
Region I (Ilocos Region),Male,Cognitive Disability,Mild,22000,2635403.5,834
Region I (Ilocos Region),Male,Cognitive Disability,Moderate,3575,2635403.5,135
Region I (Ilocos Region),Male,Cognitive Disability,Severe,1518,2635403.5,57
Region I (Ilocos Region),Male,Communication Disability,Mild,8868,2635403.5,336
Region I (Ilocos Region),Male,Communication Disability,Moderate,3686,2635403.5,139
Region I (Ilocos Region),Male,Communication Disability,Severe,3410,2635403.5,129
Region I (Ilocos Region),Male,Hearing Disability,Mild,43818,2635403.5,1662
Region I (Ilocos Region),Male,Hearing Disability,Moderate,6224,2635403.5,236
Region I (Ilocos Region),Male,Hearing Disability,Severe,1749,2635403.5,66
Region I (Ilocos Region),Male,Mobility Disability,Mild,38623,2635403.5,1465
Region I (Ilocos Region),Male,Mobility Disability,Moderate,8120,2635403.5,308
Region I (Ilocos Region),Male,Mobility Disability,Severe,4020,2635403.5,152
Region I (Ilocos Region),Male,Self-Care Disability,Mild,8264,2635403.5,313
Region I (Ilocos Region),Male,Self-Care Disability,Moderate,3222,2635403.5,122
Region I (Ilocos Region),Male,Self-Care Disability,Severe,4442,2635403.5,168
Region I (Ilocos Region),Male,Visual Disability,Mild,151814,2635403.5,5760
Region I (Ilocos Region),Male,Visual Disability,Moderate,9501,2635403.5,360
Region I (Ilocos Region),Male,Visual Disability,Severe,2223,2635403.5,84
Region II (Cagayan Valley),Female,Cognitive Disability,Mild,30848,1828873.0,1686
Region II (Cagayan Valley),Female,Cognitive Disability,Moderate,4125,1828873.0,225
Region II (Cagayan Valley),Female,Cognitive Disability,Severe,1203,1828873.0,65
Region II (Cagayan Valley),Female,Communication Disability,Mild,7164,1828873.0,391
Region II (Cagayan Valley),Female,Communication Disability,Moderate,2887,1828873.0,157
Region II (Cagayan Valley),Female,Communication Disability,Severe,2411,1828873.0,131
Region II (Cagayan Valley),Female,Hearing Disability,Mild,41762,1828873.0,2283
Region II (Cagayan Valley),Female,Hearing Disability,Moderate,5985,1828873.0,327
Region II (Cagayan Valley),Female,Hearing Disability,Severe,1249,1828873.0,68
Region II (Cagayan Valley),Female,Mobility Disability,Mild,38247,1828873.0,2091
Region II (Cagayan Valley),Female,Mobility Disability,Moderate,6790,1828873.0,371
Region II (Cagayan Valley),Female,Mobility Disability,Severe,3045,1828873.0,166
Region II (Cagayan Valley),Female,Self-Care Disability,Mild,7869,1828873.0,430
Region II (Cagayan Valley),Female,Self-Care Disability,Moderate,2495,1828873.0,136
Region II (Cagayan Valley),Female,Self-Care Disability,Severe,3360,1828873.0,183
Region II (Cagayan Valley),Female,Visual Disability,Mild,157978,1828873.0,8637
Region II (Cagayan Valley),Female,Visual Disability,Moderate,10855,1828873.0,593
Region II (Cagayan Valley),Female,Visual Disability,Severe,2030,1828873.0,110
Region II (Cagayan Valley),Male,Cognitive Disability,Mild,21250,1828873.0,1161
Region II (Cagayan Valley),Male,Cognitive Disability,Moderate,2873,1828873.0,157
Region II (Cagayan Valley),Male,Cognitive Disability,Severe,1016,1828873.0,55
Region II (Cagayan Valley),Male,Communication Disability,Mild,6593,1828873.0,360
Region II (Cagayan Valley),Male,Communication Disability,Moderate,2498,1828873.0,136
Region II (Cagayan Valley),Male,Communication Disability,Severe,2428,1828873.0,132
Region II (Cagayan Valley),Male,Hearing Disability,Mild,35049,1828873.0,1916
Region II (Cagayan Valley),Male,Hearing Disability,Moderate,5093,1828873.0,278
Region II (Cagayan Valley),Male,Hearing Disability,Severe,1350,1828873.0,73
Region II (Cagayan Valley),Male,Mobility Disability,Mild,31150,1828873.0,1703
Region II (Cagayan Valley),Male,Mobility Disability,Moderate,6151,1828873.0,336
Region II (Cagayan Valley),Male,Mobility Disability,Severe,2623,1828873.0,143
Region II (Cagayan Valley),Male,Self-Care Disability,Mild,6338,1828873.0,346
Region II (Cagayan Valley),Male,Self-Care Disability,Moderate,2197,1828873.0,120
Region II (Cagayan Valley),Male,Self-Care Disability,Severe,2925,1828873.0,159
Region II (Cagayan Valley),Male,Visual Disability,Mild,121096,1828873.0,6621
Region II (Cagayan Valley),Male,Visual Disability,Moderate,7554,1828873.0,413
Region II (Cagayan Valley),Male,Visual Disability,Severe,1542,1828873.0,84
Region III (Central Luzon),Female,Cognitive Disability,Mild,54002,6156857.0,877
Region III (Central Luzon),Female,Cognitive Disability,Moderate,7351,6156857.0,119
Region III (Central Luzon),Female,Cognitive Disability,Severe,2594,6156857.0,42
Region III (Central Luzon),Female,Communication Disability,Mild,17465,6156857.0,283
Region III (Central Luzon),Female,Communication Disability,Moderate,7197,6156857.0,116
Region III (Central Luzon),Female,Communication Disability,Severe,6503,6156857.0,105
Region III (Central Luzon),Female,Hearing Disability,Mild,88413,6156857.0,1436
Region III (Central Luzon),Female,Hearing Disability,Moderate,9738,6156857.0,158
Region III (Central Luzon),Female,Hearing Disability,Severe,2782,6156857.0,45
Region III (Central Luzon),Female,Mobility Disability,Mild,88145,6156857.0,1431
Region III (Central Luzon),Female,Mobility Disability,Moderate,15632,6156857.0,253
Region III (Central Luzon),Female,Mobility Disability,Severe,7729,6156857.0,125
Region III (Central Luzon),Female,Self-Care Disability,Mild,20076,6156857.0,326
Region III (Central Luzon),Female,Self-Care Disability,Moderate,6417,6156857.0,104
Region III (Central Luzon),Female,Self-Care Disability,Severe,7742,6156857.0,125
Region III (Central Luzon),Female,Visual Disability,Mild,470660,6156857.0,7644
Region III (Central Luzon),Female,Visual Disability,Moderate,27426,6156857.0,445
Region III (Central Luzon),Female,Visual Disability,Severe,4897,6156857.0,79
Region III (Central Luzon),Male,Cognitive Disability,Mild,33663,6156857.0,546
Region III (Central Luzon),Male,Cognitive Disability,Moderate,5523,6156857.0,89
Region III (Central Luzon),Male,Cognitive Disability,Severe,2389,6156857.0,38
Region III (Central Luzon),Male,Communication Disability,Mild,17481,6156857.0,283
Region III (Central Luzon),Male,Communication Disability,Moderate,6650,6156857.0,108
Region III (Central Luzon),Male,Communication Disability,Severe,6109,6156857.0,99
Region III (Central Luzon),Male,Hearing Disability,Mild,70303,6156857.0,1141
Region III (Central Luzon),Male,Hearing Disability,Moderate,7769,6156857.0,126
Region III (Central Luzon),Male,Hearing Disability,Severe,2774,6156857.0,45
Region III (Central Luzon),Male,Mobility Disability,Mild,67730,6156857.0,1100
Region III (Central Luzon),Male,Mobility Disability,Moderate,14235,6156857.0,231
Region III (Central Luzon),Male,Mobility Disability,Severe,6427,6156857.0,104
Region III (Central Luzon),Male,Self-Care Disability,Mild,16285,6156857.0,264
Region III (Central Luzon),Male,Self-Care Disability,Moderate,5489,6156857.0,89
Region III (Central Luzon),Male,Self-Care Disability,Severe,6616,6156857.0,107
Region III (Central Luzon),Male,Visual Disability,Mild,345161,6156857.0,5606
Region III (Central Luzon),Male,Visual Disability,Moderate,19267,6156857.0,312
Region III (Central Luzon),Male,Visual Disability,Severe,4150,6156857.0,67
Region IV-A (CALABARZON),Female,Cognitive Disability,Mild,66765,8028645.5,831
Region IV-A (CALABARZON),Female,Cognitive Disability,Moderate,9496,8028645.5,118
Region IV-A (CALABARZON),Female,Cognitive Disability,Severe,3430,8028645.5,42
Region IV-A (CALABARZON),Female,Communication Disability,Mild,21683,8028645.5,270
Region IV-A (CALABARZON),Female,Communication Disability,Moderate,8811,8028645.5,109
Region IV-A (CALABARZON),Female,Communication Disability,Severe,7872,8028645.5,98
Region IV-A (CALABARZON),Female,Hearing Disability,Mild,98385,8028645.5,1225
Region IV-A (CALABARZON),Female,Hearing Disability,Moderate,11313,8028645.5,140
Region IV-A (CALABARZON),Female,Hearing Disability,Severe,3372,8028645.5,41
Region IV-A (CALABARZON),Female,Mobility Disability,Mild,99234,8028645.5,1235
Region IV-A (CALABARZON),Female,Mobility Disability,Moderate,18223,8028645.5,226
Region IV-A (CALABARZON),Female,Mobility Disability,Severe,8848,8028645.5,110
Region IV-A (CALABARZON),Female,Self-Care Disability,Mild,23323,8028645.5,290
Region IV-A (CALABARZON),Female,Self-Care Disability,Moderate,7833,8028645.5,97
Region IV-A (CALABARZON),Female,Self-Care Disability,Severe,9504,8028645.5,118
Region IV-A (CALABARZON),Female,Visual Disability,Mild,512954,8028645.5,6389
Region IV-A (CALABARZON),Female,Visual Disability,Moderate,30939,8028645.5,385
Region IV-A (CALABARZON),Female,Visual Disability,Severe,4555,8028645.5,56
Region IV-A (CALABARZON),Male,Cognitive Disability,Mild,42001,8028645.5,523
Region IV-A (CALABARZON),Male,Cognitive Disability,Moderate,7178,8028645.5,89
Region IV-A (CALABARZON),Male,Cognitive Disability,Severe,3268,8028645.5,40
Region IV-A (CALABARZON),Male,Communication Disability,Mild,21781,8028645.5,271
Region IV-A (CALABARZON),Male,Communication Disability,Moderate,8629,8028645.5,107
Region IV-A (CALABARZON),Male,Communication Disability,Severe,7651,8028645.5,95
Region IV-A (CALABARZON),Male,Hearing Disability,Mild,77728,8028645.5,968
Region IV-A (CALABARZON),Male,Hearing Disability,Moderate,9062,8028645.5,112
Region IV-A (CALABARZON),Male,Hearing Disability,Severe,3423,8028645.5,42
Region IV-A (CALABARZON),Male,Mobility Disability,Mild,77917,8028645.5,970
Region IV-A (CALABARZON),Male,Mobility Disability,Moderate,16669,8028645.5,207
Region IV-A (CALABARZON),Male,Mobility Disability,Severe,7666,8028645.5,95
Region IV-A (CALABARZON),Male,Self-Care Disability,Mild,18821,8028645.5,234
Region IV-A (CALABARZON),Male,Self-Care Disability,Moderate,7194,8028645.5,89
Region IV-A (CALABARZON),Male,Self-Care Disability,Severe,8408,8028645.5,104
Region IV-A (CALABARZON),Male,Visual Disability,Mild,361098,8028645.5,4497
Region IV-A (CALABARZON),Male,Visual Disability,Moderate,20855,8028645.5,259
Region IV-A (CALABARZON),Male,Visual Disability,Severe,3900,8028645.5,48
Region IX (Zamboanga Peninsula),Female,Cognitive Disability,Mild,29734,1891380.5,1572
Region IX (Zamboanga Peninsula),Female,Cognitive Disability,Moderate,3598,1891380.5,190
Region IX (Zamboanga Peninsula),Female,Cognitive Disability,Severe,1146,1891380.5,60
Region IX (Zamboanga Peninsula),Female,Communication Disability,Mild,7366,1891380.5,389
Region IX (Zamboanga Peninsula),Female,Communication Disability,Moderate,2713,1891380.5,143
Region IX (Zamboanga Peninsula),Female,Communication Disability,Severe,2275,1891380.5,120
Region IX (Zamboanga Peninsula),Female,Hearing Disability,Mild,29541,1891380.5,1561
Region IX (Zamboanga Peninsula),Female,Hearing Disability,Moderate,3572,1891380.5,188
Region IX (Zamboanga Peninsula),Female,Hearing Disability,Severe,951,1891380.5,50
Region IX (Zamboanga Peninsula),Female,Mobility Disability,Mild,28535,1891380.5,1508
Region IX (Zamboanga Peninsula),Female,Mobility Disability,Moderate,5006,1891380.5,264
Region IX (Zamboanga Peninsula),Female,Mobility Disability,Severe,2265,1891380.5,119
Region IX (Zamboanga Peninsula),Female,Self-Care Disability,Mild,8727,1891380.5,461
Region IX (Zamboanga Peninsula),Female,Self-Care Disability,Moderate,2350,1891380.5,124
Region IX (Zamboanga Peninsula),Female,Self-Care Disability,Severe,2705,1891380.5,143
Region IX (Zamboanga Peninsula),Female,Visual Disability,Mild,112917,1891380.5,5970
Region IX (Zamboanga Peninsula),Female,Visual Disability,Moderate,8131,1891380.5,429
Region IX (Zamboanga Peninsula),Female,Visual Disability,Severe,1427,1891380.5,75
Region IX (Zamboanga Peninsula),Male,Cognitive Disability,Mild,23784,1891380.5,1257
Region IX (Zamboanga Peninsula),Male,Cognitive Disability,Moderate,3051,1891380.5,161
Region IX (Zamboanga Peninsula),Male,Cognitive Disability,Severe,1078,1891380.5,56
Region IX (Zamboanga Peninsula),Male,Communication Disability,Mild,7254,1891380.5,383
Region IX (Zamboanga Peninsula),Male,Communication Disability,Moderate,2691,1891380.5,142
Region IX (Zamboanga Peninsula),Male,Communication Disability,Severe,2313,1891380.5,122
Region IX (Zamboanga Peninsula),Male,Hearing Disability,Mild,27578,1891380.5,1458
Region IX (Zamboanga Peninsula),Male,Hearing Disability,Moderate,3628,1891380.5,191
Region IX (Zamboanga Peninsula),Male,Hearing Disability,Severe,985,1891380.5,52
Region IX (Zamboanga Peninsula),Male,Mobility Disability,Mild,25300,1891380.5,1337
Region IX (Zamboanga Peninsula),Male,Mobility Disability,Moderate,4869,1891380.5,257
Region IX (Zamboanga Peninsula),Male,Mobility Disability,Severe,2059,1891380.5,108
Region IX (Zamboanga Peninsula),Male,Self-Care Disability,Mild,7958,1891380.5,420
Region IX (Zamboanga Peninsula),Male,Self-Care Disability,Moderate,2269,1891380.5,119
Region IX (Zamboanga Peninsula),Male,Self-Care Disability,Severe,2644,1891380.5,139
Region IX (Zamboanga Peninsula),Male,Visual Disability,Mild,89923,1891380.5,4754
Region IX (Zamboanga Peninsula),Male,Visual Disability,Moderate,5875,1891380.5,310
Region IX (Zamboanga Peninsula),Male,Visual Disability,Severe,1092,1891380.5,57
Region V (Bicol Region),Female,Cognitive Disability,Mild,51588,3066917.5,1682
Region V (Bicol Region),Female,Cognitive Disability,Moderate,7209,3066917.5,235
Region V (Bicol Region),Female,Cognitive Disability,Severe,2230,3066917.5,72
Region V (Bicol Region),Female,Communication Disability,Mild,12487,3066917.5,407
Region V (Bicol Region),Female,Communication Disability,Moderate,5477,3066917.5,178
Region V (Bicol Region),Female,Communication Disability,Severe,4426,3066917.5,144
Region V (Bicol Region),Female,Hearing Disability,Mild,58834,3066917.5,1918
Region V (Bicol Region),Female,Hearing Disability,Moderate,8957,3066917.5,292
Region V (Bicol Region),Female,Hearing Disability,Severe,2051,3066917.5,66
Region V (Bicol Region),Female,Mobility Disability,Mild,60851,3066917.5,1984
Region V (Bicol Region),Female,Mobility Disability,Moderate,11513,3066917.5,375
Region V (Bicol Region),Female,Mobility Disability,Severe,6101,3066917.5,198
Region V (Bicol Region),Female,Self-Care Disability,Mild,11608,3066917.5,378
Region V (Bicol Region),Female,Self-Care Disability,Moderate,4345,3066917.5,141
Region V (Bicol Region),Female,Self-Care Disability,Severe,6551,3066917.5,213
Region V (Bicol Region),Female,Visual Disability,Mild,231525,3066917.5,7549
Region V (Bicol Region),Female,Visual Disability,Moderate,17736,3066917.5,578
Region V (Bicol Region),Female,Visual Disability,Severe,2651,3066917.5,86
Region V (Bicol Region),Male,Cognitive Disability,Mild,33318,3066917.5,1086
Region V (Bicol Region),Male,Cognitive Disability,Moderate,5282,3066917.5,172
Region V (Bicol Region),Male,Cognitive Disability,Severe,1749,3066917.5,57
Region V (Bicol Region),Male,Communication Disability,Mild,12078,3066917.5,393
Region V (Bicol Region),Male,Communication Disability,Moderate,5559,3066917.5,181
Region V (Bicol Region),Male,Communication Disability,Severe,4589,3066917.5,149
Region V (Bicol Region),Male,Hearing Disability,Mild,54455,3066917.5,1775
Region V (Bicol Region),Male,Hearing Disability,Moderate,7855,3066917.5,256
Region V (Bicol Region),Male,Hearing Disability,Severe,2222,3066917.5,72
Region V (Bicol Region),Male,Mobility Disability,Mild,53149,3066917.5,1732
Region V (Bicol Region),Male,Mobility Disability,Moderate,11105,3066917.5,362
Region V (Bicol Region),Male,Mobility Disability,Severe,4963,3066917.5,161
Region V (Bicol Region),Male,Self-Care Disability,Mild,9687,3066917.5,315
Region V (Bicol Region),Male,Self-Care Disability,Moderate,3955,3066917.5,128
Region V (Bicol Region),Male,Self-Care Disability,Severe,5449,3066917.5,177
Region V (Bicol Region),Male,Visual Disability,Mild,170829,3066917.5,5570
Region V (Bicol Region),Male,Visual Disability,Moderate,12488,3066917.5,407
Region V (Bicol Region),Male,Visual Disability,Severe,2070,3066917.5,67
Region VI (Western Visayas),Female,Cognitive Disability,Mild,78989,3952447.5,1998
Region VI (Western Visayas),Female,Cognitive Disability,Moderate,10660,3952447.5,269
Region VI (Western Visayas),Female,Cognitive Disability,Severe,3333,3952447.5,84
Region VI (Western Visayas),Female,Communication Disability,Mild,17683,3952447.5,447
Region VI (Western Visayas),Female,Communication Disability,Moderate,6664,3952447.5,168
Region VI (Western Visayas),Female,Communication Disability,Severe,5705,3952447.5,144
Region VI (Western Visayas),Female,Hearing Disability,Mild,78810,3952447.5,1993
Region VI (Western Visayas),Female,Hearing Disability,Moderate,10735,3952447.5,271
Region VI (Western Visayas),Female,Hearing Disability,Severe,2548,3952447.5,64
Region VI (Western Visayas),Female,Mobility Disability,Mild,72485,3952447.5,1833
Region VI (Western Visayas),Female,Mobility Disability,Moderate,14153,3952447.5,358
Region VI (Western Visayas),Female,Mobility Disability,Severe,7577,3952447.5,191
Region VI (Western Visayas),Female,Self-Care Disability,Mild,19391,3952447.5,490
Region VI (Western Visayas),Female,Self-Care Disability,Moderate,6301,3952447.5,159
Region VI (Western Visayas),Female,Self-Care Disability,Severe,8278,3952447.5,209
Region VI (Western Visayas),Female,Visual Disability,Mild,282216,3952447.5,7140
Region VI (Western Visayas),Female,Visual Disability,Moderate,21707,3952447.5,549
Region VI (Western Visayas),Female,Visual Disability,Severe,3979,3952447.5,100
Region VI (Western Visayas),Male,Cognitive Disability,Mild,51078,3952447.5,1292
Region VI (Western Visayas),Male,Cognitive Disability,Moderate,7410,3952447.5,187
Region VI (Western Visayas),Male,Cognitive Disability,Severe,2636,3952447.5,66
Region VI (Western Visayas),Male,Communication Disability,Mild,15949,3952447.5,403
Region VI (Western Visayas),Male,Communication Disability,Moderate,6399,3952447.5,161
Region VI (Western Visayas),Male,Communication Disability,Severe,5285,3952447.5,133
Region VI (Western Visayas),Male,Hearing Disability,Mild,61710,3952447.5,1561
Region VI (Western Visayas),Male,Hearing Disability,Moderate,8376,3952447.5,211
Region VI (Western Visayas),Male,Hearing Disability,Severe,2341,3952447.5,59
Region VI (Western Visayas),Male,Mobility Disability,Mild,59939,3952447.5,1516
Region VI (Western Visayas),Male,Mobility Disability,Moderate,13195,3952447.5,333
Region VI (Western Visayas),Male,Mobility Disability,Severe,5898,3952447.5,149
Region VI (Western Visayas),Male,Self-Care Disability,Mild,15792,3952447.5,399
Region VI (Western Visayas),Male,Self-Care Disability,Moderate,5382,3952447.5,136
Region VI (Western Visayas),Male,Self-Care Disability,Severe,6624,3952447.5,167
Region VI (Western Visayas),Male,Visual Disability,Mild,201272,3952447.5,5092
Region VI (Western Visayas),Male,Visual Disability,Moderate,14468,3952447.5,366
Region VI (Western Visayas),Male,Visual Disability,Severe,2949,3952447.5,74
Region VII (Central Visayas),Female,Cognitive Disability,Mild,60404,3978522.5,1518
Region VII (Central Visayas),Female,Cognitive Disability,Moderate,8887,3978522.5,223
Region VII (Central Visayas),Female,Cognitive Disability,Severe,2900,3978522.5,72
Region VII (Central Visayas),Female,Communication Disability,Mild,14639,3978522.5,367
Region VII (Central Visayas),Female,Communication Disability,Moderate,6187,3978522.5,155
Region VII (Central Visayas),Female,Communication Disability,Severe,5206,3978522.5,130
Region VII (Central Visayas),Female,Hearing Disability,Mild,62210,3978522.5,1563
Region VII (Central Visayas),Female,Hearing Disability,Moderate,9310,3978522.5,234
Region VII (Central Visayas),Female,Hearing Disability,Severe,2471,3978522.5,62
Region VII (Central Visayas),Female,Mobility Disability,Mild,63954,3978522.5,1607
Region VII (Central Visayas),Female,Mobility Disability,Moderate,12800,3978522.5,321
Region VII (Central Visayas),Female,Mobility Disability,Severe,6954,3978522.5,174
Region VII (Central Visayas),Female,Self-Care Disability,Mild,14968,3978522.5,376
Region VII (Central Visayas),Female,Self-Care Disability,Moderate,5566,3978522.5,139
Region VII (Central Visayas),Female,Self-Care Disability,Severe,7177,3978522.5,180
Region VII (Central Visayas),Female,Visual Disability,Mild,213810,3978522.5,5374
Region VII (Central Visayas),Female,Visual Disability,Moderate,17247,3978522.5,433
Region VII (Central Visayas),Female,Visual Disability,Severe,3513,3978522.5,88
Region VII (Central Visayas),Male,Cognitive Disability,Mild,44675,3978522.5,1122
Region VII (Central Visayas),Male,Cognitive Disability,Moderate,7099,3978522.5,178
Region VII (Central Visayas),Male,Cognitive Disability,Severe,2718,3978522.5,68
Region VII (Central Visayas),Male,Communication Disability,Mild,14318,3978522.5,359
Region VII (Central Visayas),Male,Communication Disability,Moderate,6179,3978522.5,155
Region VII (Central Visayas),Male,Communication Disability,Severe,5317,3978522.5,133
Region VII (Central Visayas),Male,Hearing Disability,Mild,54318,3978522.5,1365
Region VII (Central Visayas),Male,Hearing Disability,Moderate,8402,3978522.5,211
Region VII (Central Visayas),Male,Hearing Disability,Severe,2579,3978522.5,64
Region VII (Central Visayas),Male,Mobility Disability,Mild,53582,3978522.5,1346
Region VII (Central Visayas),Male,Mobility Disability,Moderate,11694,3978522.5,293
Region VII (Central Visayas),Male,Mobility Disability,Severe,5807,3978522.5,145
Region VII (Central Visayas),Male,Self-Care Disability,Mild,13037,3978522.5,327
Region VII (Central Visayas),Male,Self-Care Disability,Moderate,4934,3978522.5,124
Region VII (Central Visayas),Male,Self-Care Disability,Severe,6388,3978522.5,160
Region VII (Central Visayas),Male,Visual Disability,Mild,159682,3978522.5,4013
Region VII (Central Visayas),Male,Visual Disability,Moderate,12603,3978522.5,316
Region VII (Central Visayas),Male,Visual Disability,Severe,2894,3978522.5,72
Region VIII (Eastern Visayas),Female,Cognitive Disability,Mild,42756,2371171.0,1803
Region VIII (Eastern Visayas),Female,Cognitive Disability,Moderate,5207,2371171.0,219
Region VIII (Eastern Visayas),Female,Cognitive Disability,Severe,1546,2371171.0,65
Region VIII (Eastern Visayas),Female,Communication Disability,Mild,8770,2371171.0,369
Region VIII (Eastern Visayas),Female,Communication Disability,Moderate,3690,2371171.0,155
Region VIII (Eastern Visayas),Female,Communication Disability,Severe,3081,2371171.0,129
Region VIII (Eastern Visayas),Female,Hearing Disability,Mild,47243,2371171.0,1992
Region VIII (Eastern Visayas),Female,Hearing Disability,Moderate,6881,2371171.0,290
Region VIII (Eastern Visayas),Female,Hearing Disability,Severe,1459,2371171.0,61
Region VIII (Eastern Visayas),Female,Mobility Disability,Mild,45975,2371171.0,1938
Region VIII (Eastern Visayas),Female,Mobility Disability,Moderate,8517,2371171.0,359
Region VIII (Eastern Visayas),Female,Mobility Disability,Severe,4238,2371171.0,178
Region VIII (Eastern Visayas),Female,Self-Care Disability,Mild,9399,2371171.0,396
Region VIII (Eastern Visayas),Female,Self-Care Disability,Moderate,3218,2371171.0,135
Region VIII (Eastern Visayas),Female,Self-Care Disability,Severe,4728,2371171.0,199
Region VIII (Eastern Visayas),Female,Visual Disability,Mild,172291,2371171.0,7266
Region VIII (Eastern Visayas),Female,Visual Disability,Moderate,12787,2371171.0,539
Region VIII (Eastern Visayas),Female,Visual Disability,Severe,2142,2371171.0,90
Region VIII (Eastern Visayas),Male,Cognitive Disability,Mild,30646,2371171.0,1292
Region VIII (Eastern Visayas),Male,Cognitive Disability,Moderate,3903,2371171.0,164
Region VIII (Eastern Visayas),Male,Cognitive Disability,Severe,1286,2371171.0,54
Region VIII (Eastern Visayas),Male,Communication Disability,Mild,8789,2371171.0,370
Region VIII (Eastern Visayas),Male,Communication Disability,Moderate,3712,2371171.0,156
Region VIII (Eastern Visayas),Male,Communication Disability,Severe,3014,2371171.0,127
Region VIII (Eastern Visayas),Male,Hearing Disability,Mild,44099,2371171.0,1859
Region VIII (Eastern Visayas),Male,Hearing Disability,Moderate,6745,2371171.0,284
Region VIII (Eastern Visayas),Male,Hearing Disability,Severe,1676,2371171.0,70
Region VIII (Eastern Visayas),Male,Mobility Disability,Mild,41935,2371171.0,1768
Region VIII (Eastern Visayas),Male,Mobility Disability,Moderate,8248,2371171.0,347
Region VIII (Eastern Visayas),Male,Mobility Disability,Severe,3435,2371171.0,144
Region VIII (Eastern Visayas),Male,Self-Care Disability,Mild,8336,2371171.0,351
Region VIII (Eastern Visayas),Male,Self-Care Disability,Moderate,2799,2371171.0,118
Region VIII (Eastern Visayas),Male,Self-Care Disability,Severe,3880,2371171.0,163
Region VIII (Eastern Visayas),Male,Visual Disability,Mild,137430,2371171.0,5795
Region VIII (Eastern Visayas),Male,Visual Disability,Moderate,9895,2371171.0,417
Region VIII (Eastern Visayas),Male,Visual Disability,Severe,1718,2371171.0,72
Region X (Northern Mindanao),Female,Cognitive Disability,Mild,33996,2508525.0,1355
Region X (Northern Mindanao),Female,Cognitive Disability,Moderate,4445,2508525.0,177
Region X (Northern Mindanao),Female,Cognitive Disability,Severe,1447,2508525.0,57
Region X (Northern Mindanao),Female,Communication Disability,Mild,8618,2508525.0,343
Region X (Northern Mindanao),Female,Communication Disability,Moderate,3450,2508525.0,137
Region X (Northern Mindanao),Female,Communication Disability,Severe,3025,2508525.0,120
Region X (Northern Mindanao),Female,Hearing Disability,Mild,35340,2508525.0,1408
Region X (Northern Mindanao),Female,Hearing Disability,Moderate,4691,2508525.0,187
Region X (Northern Mindanao),Female,Hearing Disability,Severe,1257,2508525.0,50
Region X (Northern Mindanao),Female,Mobility Disability,Mild,28863,2508525.0,1150
Region X (Northern Mindanao),Female,Mobility Disability,Moderate,5968,2508525.0,237
Region X (Northern Mindanao),Female,Mobility Disability,Severe,3121,2508525.0,124
Region X (Northern Mindanao),Female,Self-Care Disability,Mild,9609,2508525.0,383
Region X (Northern Mindanao),Female,Self-Care Disability,Moderate,3110,2508525.0,123
Region X (Northern Mindanao),Female,Self-Care Disability,Severe,3691,2508525.0,147
Region X (Northern Mindanao),Female,Visual Disability,Mild,124308,2508525.0,4955
Region X (Northern Mindanao),Female,Visual Disability,Moderate,9340,2508525.0,372
Region X (Northern Mindanao),Female,Visual Disability,Severe,1607,2508525.0,64
Region X (Northern Mindanao),Male,Cognitive Disability,Mild,26436,2508525.0,1053
Region X (Northern Mindanao),Male,Cognitive Disability,Moderate,3751,2508525.0,149
Region X (Northern Mindanao),Male,Cognitive Disability,Severe,1566,2508525.0,62
Region X (Northern Mindanao),Male,Communication Disability,Mild,9292,2508525.0,370
Region X (Northern Mindanao),Male,Communication Disability,Moderate,3657,2508525.0,145
Region X (Northern Mindanao),Male,Communication Disability,Severe,3133,2508525.0,124
Region X (Northern Mindanao),Male,Hearing Disability,Mild,32599,2508525.0,1299
Region X (Northern Mindanao),Male,Hearing Disability,Moderate,4434,2508525.0,176
Region X (Northern Mindanao),Male,Hearing Disability,Severe,1464,2508525.0,58
Region X (Northern Mindanao),Male,Mobility Disability,Mild,27587,2508525.0,1099
Region X (Northern Mindanao),Male,Mobility Disability,Moderate,6500,2508525.0,259
Region X (Northern Mindanao),Male,Mobility Disability,Severe,3070,2508525.0,122
Region X (Northern Mindanao),Male,Self-Care Disability,Mild,9249,2508525.0,368
Region X (Northern Mindanao),Male,Self-Care Disability,Moderate,3180,2508525.0,126
Region X (Northern Mindanao),Male,Self-Care Disability,Severe,3771,2508525.0,150
Region X (Northern Mindanao),Male,Visual Disability,Mild,97793,2508525.0,3898
Region X (Northern Mindanao),Male,Visual Disability,Moderate,7347,2508525.0,292
Region X (Northern Mindanao),Male,Visual Disability,Severe,1378,2508525.0,54
Region XIII (Caraga),Female,Cognitive Disability,Mild,25650,1376553.5,1863
Region XIII (Caraga),Female,Cognitive Disability,Moderate,3012,1376553.5,218
Region XIII (Caraga),Female,Cognitive Disability,Severe,914,1376553.5,66
Region XIII (Caraga),Female,Communication Disability,Mild,4902,1376553.5,356
Region XIII (Caraga),Female,Communication Disability,Moderate,2181,1376553.5,158
Region XIII (Caraga),Female,Communication Disability,Severe,1795,1376553.5,130
Region XIII (Caraga),Female,Hearing Disability,Mild,22069,1376553.5,1603
Region XIII (Caraga),Female,Hearing Disability,Moderate,3133,1376553.5,227
Region XIII (Caraga),Female,Hearing Disability,Severe,865,1376553.5,62
Region XIII (Caraga),Female,Mobility Disability,Mild,18842,1376553.5,1368
Region XIII (Caraga),Female,Mobility Disability,Moderate,3981,1376553.5,289
Region XIII (Caraga),Female,Mobility Disability,Severe,2111,1376553.5,153
Region XIII (Caraga),Female,Self-Care Disability,Mild,4976,1376553.5,361
Region XIII (Caraga),Female,Self-Care Disability,Moderate,1904,1376553.5,138
Region XIII (Caraga),Female,Self-Care Disability,Severe,2359,1376553.5,171
Region XIII (Caraga),Female,Visual Disability,Mild,81042,1376553.5,5887
Region XIII (Caraga),Female,Visual Disability,Moderate,6073,1376553.5,441
Region XIII (Caraga),Female,Visual Disability,Severe,966,1376553.5,70
Region XIII (Caraga),Male,Cognitive Disability,Mild,19623,1376553.5,1425
Region XIII (Caraga),Male,Cognitive Disability,Moderate,2443,1376553.5,177
Region XIII (Caraga),Male,Cognitive Disability,Severe,823,1376553.5,59
Region XIII (Caraga),Male,Communication Disability,Mild,5161,1376553.5,374
Region XIII (Caraga),Male,Communication Disability,Moderate,2284,1376553.5,165
Region XIII (Caraga),Male,Communication Disability,Severe,1913,1376553.5,138
Region XIII (Caraga),Male,Hearing Disability,Mild,21695,1376553.5,1576
Region XIII (Caraga),Male,Hearing Disability,Moderate,3232,1376553.5,234
Region XIII (Caraga),Male,Hearing Disability,Severe,963,1376553.5,69
Region XIII (Caraga),Male,Mobility Disability,Mild,17837,1376553.5,1295
Region XIII (Caraga),Male,Mobility Disability,Moderate,4188,1376553.5,304
Region XIII (Caraga),Male,Mobility Disability,Severe,1916,1376553.5,139
Region XIII (Caraga),Male,Self-Care Disability,Mild,4649,1376553.5,337
Region XIII (Caraga),Male,Self-Care Disability,Moderate,1810,1376553.5,131
Region XIII (Caraga),Male,Self-Care Disability,Severe,2229,1376553.5,161
Region XIII (Caraga),Male,Visual Disability,Mild,64705,1376553.5,4700
Region XIII (Caraga),Male,Visual Disability,Moderate,4895,1376553.5,355
Region XIII (Caraga),Male,Visual Disability,Severe,787,1376553.5,57
