Region,Province,Disability,Age: 5-19,Age: 20-34,Age: 35–54,Age: 55-80+,Household Population 5 Years Old and Over with Functional Difficulty,Population
BANGSAMORO AUTONOMOUS REGION IN MUSLIM MINDANAO (BARMM),BASILAN,Cognitive Disability,39.0,38.0,79.0,317.0,1820,386697
BANGSAMORO AUTONOMOUS REGION IN MUSLIM MINDANAO (BARMM),BASILAN,Communication Disability,85.0,65.0,72.0,191.0,1587,386697
BANGSAMORO AUTONOMOUS REGION IN MUSLIM MINDANAO (BARMM),BASILAN,Hearing Disability,43.0,43.0,139.0,611.0,3226,386697
BANGSAMORO AUTONOMOUS REGION IN MUSLIM MINDANAO (BARMM),BASILAN,Mobility Disability,38.0,43.0,161.0,578.0,3161,386697
BANGSAMORO AUTONOMOUS REGION IN MUSLIM MINDANAO (BARMM),BASILAN,Self-Care Disability,51.0,34.0,54.0,218.0,1377,386697
BANGSAMORO AUTONOMOUS REGION IN MUSLIM MINDANAO (BARMM),BASILAN,Visual Disability,78.0,99.0,618.0,1145.0,7490,386697
BANGSAMORO AUTONOMOUS REGION IN MUSLIM MINDANAO (BARMM),LANAO DEL SUR,Cognitive Disability,161.0,131.0,674.0,1420.0,27335,1146287
BANGSAMORO AUTONOMOUS REGION IN MUSLIM MINDANAO (BARMM),LANAO DEL SUR,Communication Disability,261.0,162.0,271.0,658.0,15480,1146287
BANGSAMORO AUTONOMOUS REGION IN MUSLIM MINDANAO (BARMM),LANAO DEL SUR,Hearing Disability,91.0,122.0,678.0,1857.0,31475,1146287
BANGSAMORO AUTONOMOUS REGION IN MUSLIM MINDANAO (BARMM),LANAO DEL SUR,Mobility Disability,100.0,112.0,691.0,1757.0,30461,1146287
BANGSAMORO AUTONOMOUS REGION IN MUSLIM MINDANAO (BARMM),LANAO DEL SUR,Self-Care Disability,474.0,102.0,304.0,916.0,20571,1146287
BANGSAMORO AUTONOMOUS REGION IN MUSLIM MINDANAO (BARMM),LANAO DEL SUR,Visual Disability,173.0,328.0,2190.0,3175.0,67216,1146287
BANGSAMORO AUTONOMOUS REGION IN MUSLIM MINDANAO (BARMM),MAGUINDANAO,Cognitive Disability,64.0,46.0,187.0,511.0,10660,1323051
BANGSAMORO AUTONOMOUS REGION IN MUSLIM MINDANAO (BARMM),MAGUINDANAO,Communication Disability,105.0,77.0,133.0,304.0,8160,1323051
BANGSAMORO AUTONOMOUS REGION IN MUSLIM MINDANAO (BARMM),MAGUINDANAO,Hearing Disability,41.0,49.0,245.0,757.0,14416,1323051
BANGSAMORO AUTONOMOUS REGION IN MUSLIM MINDANAO (BARMM),MAGUINDANAO,Mobility Disability,48.0,46.0,257.0,770.0,14807,1323051
BANGSAMORO AUTONOMOUS REGION IN MUSLIM MINDANAO (BARMM),MAGUINDANAO,Self-Care Disability,187.0,47.0,135.0,397.0,10102,1323051
BANGSAMORO AUTONOMOUS REGION IN MUSLIM MINDANAO (BARMM),MAGUINDANAO,Visual Disability,75.0,111.0,785.0,1322.0,30314,1323051
BANGSAMORO AUTONOMOUS REGION IN MUSLIM MINDANAO (BARMM),SULU,Cognitive Disability,6.0,6.0,31.0,175.0,1973,913590
BANGSAMORO AUTONOMOUS REGION IN MUSLIM MINDANAO (BARMM),SULU,Communication Disability,58.0,37.0,40.0,118.0,2283,913590
BANGSAMORO AUTONOMOUS REGION IN MUSLIM MINDANAO (BARMM),SULU,Hearing Disability,8.0,9.0,58.0,284.0,3273,913590
BANGSAMORO AUTONOMOUS REGION IN MUSLIM MINDANAO (BARMM),SULU,Mobility Disability,6.0,9.0,58.0,286.0,3254,913590
BANGSAMORO AUTONOMOUS REGION IN MUSLIM MINDANAO (BARMM),SULU,Self-Care Disability,10.0,6.0,21.0,134.0,1535,913590
BANGSAMORO AUTONOMOUS REGION IN MUSLIM MINDANAO (BARMM),SULU,Visual Disability,68.0,53.0,154.0,384.0,6008,913590
BANGSAMORO AUTONOMOUS REGION IN MUSLIM MINDANAO (BARMM),TAWI-TAWI,Cognitive Disability,9.0,23.0,134.0,439.0,2493,413690
BANGSAMORO AUTONOMOUS REGION IN MUSLIM MINDANAO (BARMM),TAWI-TAWI,Communication Disability,43.0,42.0,68.0,193.0,1424,413690
BANGSAMORO AUTONOMOUS REGION IN MUSLIM MINDANAO (BARMM),TAWI-TAWI,Hearing Disability,9.0,21.0,195.0,746.0,4006,413690
BANGSAMORO AUTONOMOUS REGION IN MUSLIM MINDANAO (BARMM),TAWI-TAWI,Mobility Disability,8.0,20.0,155.0,652.0,3446,413690
BANGSAMORO AUTONOMOUS REGION IN MUSLIM MINDANAO (BARMM),TAWI-TAWI,Self-Care Disability,13.0,15.0,48.0,245.0,1318,413690
BANGSAMORO AUTONOMOUS REGION IN MUSLIM MINDANAO (BARMM),TAWI-TAWI,Visual Disability,22.0,57.0,471.0,1013.0,6461,413690
Cordillera Administrative Region (CAR),ABRA,Cognitive Disability,79.0,146.0,494.0,1953.0,6606,247402
Cordillera Administrative Region (CAR),ABRA,Communication Disability,98.0,83.0,125.0,465.0,1900,247402
Cordillera Administrative Region (CAR),ABRA,Hearing Disability,80.0,107.0,433.0,2719.0,8255,247402
Cordillera Administrative Region (CAR),ABRA,Mobility Disability,83.0,90.0,411.0,2663.0,8028,247402
Cordillera Administrative Region (CAR),ABRA,Self-Care Disability,89.0,50.0,102.0,716.0,2364,247402
Cordillera Administrative Region (CAR),ABRA,Visual Disability,143.0,336.0,2437.0,5762.0,21466,247402
Cordillera Administrative Region (CAR),APAYAO,Cognitive Disability,94.0,314.0,957.0,2233.0,4456,123899
Cordillera Administrative Region (CAR),APAYAO,Communication Disability,134.0,136.0,161.0,486.0,1135,123899
Cordillera Administrative Region (CAR),APAYAO,Hearing Disability,107.0,158.0,511.0,2251.0,3748,123899
Cordillera Administrative Region (CAR),APAYAO,Mobility Disability,95.0,125.0,391.0,1831.0,3023,123899
Cordillera Administrative Region (CAR),APAYAO,Self-Care Disability,105.0,73.0,130.0,564.0,1079,123899
Cordillera Administrative Region (CAR),APAYAO,Visual Disability,168.0,324.0,2080.0,4079.0,8238,123899
Cordillera Administrative Region (CAR),BENGUET,Cognitive Disability,97.0,113.0,248.0,948.0,11907,848552
Cordillera Administrative Region (CAR),BENGUET,Communication Disability,116.0,97.0,103.0,269.0,4950,848552
Cordillera Administrative Region (CAR),BENGUET,Hearing Disability,73.0,110.0,313.0,1540.0,17263,848552
Cordillera Administrative Region (CAR),BENGUET,Mobility Disability,75.0,108.0,372.0,1788.0,19872,848552
Cordillera Administrative Region (CAR),BENGUET,Self-Care Disability,99.0,64.0,90.0,430.0,5776,848552
Cordillera Administrative Region (CAR),BENGUET,Visual Disability,386.0,830.0,1659.0,3111.0,50777,848552
Cordillera Administrative Region (CAR),IFUGAO,Cognitive Disability,96.0,111.0,263.0,1026.0,3147,210669
Cordillera Administrative Region (CAR),IFUGAO,Communication Disability,134.0,96.0,102.0,302.0,1332,210669
Cordillera Administrative Region (CAR),IFUGAO,Hearing Disability,77.0,104.0,284.0,1535.0,4208,210669
Cordillera Administrative Region (CAR),IFUGAO,Mobility Disability,77.0,86.0,277.0,1738.0,4585,210669
Cordillera Administrative Region (CAR),IFUGAO,Self-Care Disability,157.0,57.0,77.0,440.0,1537,210669
Cordillera Administrative Region (CAR),IFUGAO,Visual Disability,92.0,213.0,937.0,2554.0,7993,210669
Cordillera Administrative Region (CAR),KALINGA,Cognitive Disability,92.0,135.0,423.0,1382.0,4472,220230
Cordillera Administrative Region (CAR),KALINGA,Communication Disability,132.0,125.0,110.0,345.0,1564,220230
Cordillera Administrative Region (CAR),KALINGA,Hearing Disability,65.0,123.0,349.0,1837.0,5223,220230
Cordillera Administrative Region (CAR),KALINGA,Mobility Disability,94.0,131.0,385.0,1748.0,5190,220230
Cordillera Administrative Region (CAR),KALINGA,Self-Care Disability,96.0,89.0,94.0,479.0,1666,220230
Cordillera Administrative Region (CAR),KALINGA,Visual Disability,106.0,216.0,1254.0,2919.0,9895,220230
Cordillera Administrative Region (CAR),MOUNTAIN PROVINCE,Cognitive Disability,83.0,111.0,265.0,1152.0,2525,156987
Cordillera Administrative Region (CAR),MOUNTAIN PROVINCE,Communication Disability,121.0,97.0,131.0,304.0,1023,156987
Cordillera Administrative Region (CAR),MOUNTAIN PROVINCE,Hearing Disability,64.0,72.0,250.0,1849.0,3504,156987
Cordillera Administrative Region (CAR),MOUNTAIN PROVINCE,Mobility Disability,101.0,104.0,348.0,2211.0,4335,156987
Cordillera Administrative Region (CAR),MOUNTAIN PROVINCE,Self-Care Disability,96.0,71.0,99.0,529.0,1245,156987
Cordillera Administrative Region (CAR),MOUNTAIN PROVINCE,Visual Disability,100.0,190.0,753.0,2371.0,5357,156987
MIMAROPA Region,MARINDUQUE,Cognitive Disability,121.0,158.0,464.0,1788.0,6096,241036
MIMAROPA Region,MARINDUQUE,Communication Disability,180.0,146.0,157.0,520.0,2411,241036
MIMAROPA Region,MARINDUQUE,Hearing Disability,99.0,106.0,325.0,2204.0,6585,241036
MIMAROPA Region,MARINDUQUE,Mobility Disability,119.0,111.0,446.0,2718.0,8177,241036
MIMAROPA Region,MARINDUQUE,Self-Care Disability,116.0,68.0,94.0,671.0,2281,241036
MIMAROPA Region,MARINDUQUE,Visual Disability,206.0,380.0,2577.0,6159.0,22464,241036
MIMAROPA Region,OCCIDENTAL MINDORO,Cognitive Disability,84.0,113.0,376.0,994.0,8065,515134
MIMAROPA Region,OCCIDENTAL MINDORO,Communication Disability,133.0,103.0,111.0,270.0,3161,515134
MIMAROPA Region,OCCIDENTAL MINDORO,Hearing Disability,93.0,126.0,371.0,1575.0,11145,515134
MIMAROPA Region,OCCIDENTAL MINDORO,Mobility Disability,85.0,94.0,346.0,1546.0,10663,515134
MIMAROPA Region,OCCIDENTAL MINDORO,Self-Care Disability,114.0,51.0,81.0,381.0,3225,515134
MIMAROPA Region,OCCIDENTAL MINDORO,Visual Disability,164.0,423.0,2984.0,4419.0,41146,515134
MIMAROPA Region,ORIENTAL MINDORO,Cognitive Disability,92.0,165.0,473.0,1232.0,17669,901270
MIMAROPA Region,ORIENTAL MINDORO,Communication Disability,138.0,117.0,125.0,319.0,6275,901270
MIMAROPA Region,ORIENTAL MINDORO,Hearing Disability,102.0,119.0,349.0,1473.0,18387,901270
MIMAROPA Region,ORIENTAL MINDORO,Mobility Disability,95.0,116.0,405.0,1798.0,21738,901270
MIMAROPA Region,ORIENTAL MINDORO,Self-Care Disability,89.0,57.0,87.0,414.0,5809,901270
MIMAROPA Region,ORIENTAL MINDORO,Visual Disability,274.0,528.0,2952.0,4784.0,76944,901270
MIMAROPA Region,PALAWAN,Cognitive Disability,87.0,215.0,544.0,1134.0,24047,1216009
MIMAROPA Region,PALAWAN,Communication Disability,132.0,118.0,116.0,295.0,8024,1216009
MIMAROPA Region,PALAWAN,Hearing Disability,102.0,157.0,453.0,1658.0,28799,1216009
MIMAROPA Region,PALAWAN,Mobility Disability,86.0,117.0,385.0,1550.0,25964,1216009
MIMAROPA Region,PALAWAN,Self-Care Disability,116.0,61.0,85.0,385.0,7853,1216009
MIMAROPA Region,PALAWAN,Visual Disability,168.0,499.0,3125.0,4558.0,101524,1216009
MIMAROPA Region,ROMBLON,Cognitive Disability,123.0,231.0,741.0,2178.0,9861,301407
MIMAROPA Region,ROMBLON,Communication Disability,173.0,148.0,143.0,475.0,2823,301407
MIMAROPA Region,ROMBLON,Hearing Disability,105.0,144.0,428.0,2390.0,9238,301407
MIMAROPA Region,ROMBLON,Mobility Disability,109.0,129.0,529.0,2850.0,10894,301407
MIMAROPA Region,ROMBLON,Self-Care Disability,137.0,70.0,113.0,692.0,3043,301407
MIMAROPA Region,ROMBLON,Visual Disability,241.0,547.0,3685.0,7065.0,34772,301407
National Capital Region (NCR),"NCR, FIRST DISTRICT (NOT A PROVINCE)",Cognitive Disability,69.0,92.0,212.0,655.0,19368,1886920
National Capital Region (NCR),"NCR, FIRST DISTRICT (NOT A PROVINCE)",Communication Disability,96.0,86.0,100.0,258.0,10163,1886920
National Capital Region (NCR),"NCR, FIRST DISTRICT (NOT A PROVINCE)",Hearing Disability,61.0,94.0,264.0,1142.0,29409,1886920
National Capital Region (NCR),"NCR, FIRST DISTRICT (NOT A PROVINCE)",Mobility Disability,55.0,72.0,296.0,1454.0,35367,1886920
National Capital Region (NCR),"NCR, FIRST DISTRICT (NOT A PROVINCE)",Self-Care Disability,93.0,47.0,74.0,359.0,10769,1886920
National Capital Region (NCR),"NCR, FIRST DISTRICT (NOT A PROVINCE)",Visual Disability,519.0,1092.0,2587.0,3865.0,152118,1886920
National Capital Region (NCR),"NCR, FOURTH DISTRICT (NOT A PROVINCE)",Cognitive Disability,53.0,66.0,117.0,379.0,24623,4015981
National Capital Region (NCR),"NCR, FOURTH DISTRICT (NOT A PROVINCE)",Communication Disability,82.0,81.0,89.0,183.0,17382,4015981
National Capital Region (NCR),"NCR, FOURTH DISTRICT (NOT A PROVINCE)",Hearing Disability,42.0,67.0,158.0,685.0,38156,4015981
National Capital Region (NCR),"NCR, FOURTH DISTRICT (NOT A PROVINCE)",Mobility Disability,42.0,57.0,174.0,815.0,43626,4015981
National Capital Region (NCR),"NCR, FOURTH DISTRICT (NOT A PROVINCE)",Self-Care Disability,69.0,47.0,65.0,255.0,17473,4015981
National Capital Region (NCR),"NCR, FOURTH DISTRICT (NOT A PROVINCE)",Visual Disability,323.0,752.0,1663.0,2520.0,211113,4015981
National Capital Region (NCR),"NCR, SECOND DISTRICT (NOT A PROVINCE)",Cognitive Disability,70.0,70.0,113.0,375.0,31010,4960933
National Capital Region (NCR),"NCR, SECOND DISTRICT (NOT A PROVINCE)",Communication Disability,92.0,78.0,91.0,174.0,21481,4960933
National Capital Region (NCR),"NCR, SECOND DISTRICT (NOT A PROVINCE)",Hearing Disability,49.0,65.0,146.0,646.0,44847,4960933
National Capital Region (NCR),"NCR, SECOND DISTRICT (NOT A PROVINCE)",Mobility Disability,49.0,58.0,190.0,822.0,55400,4960933
National Capital Region (NCR),"NCR, SECOND DISTRICT (NOT A PROVINCE)",Self-Care Disability,74.0,46.0,67.0,257.0,21899,4960933
National Capital Region (NCR),"NCR, SECOND DISTRICT (NOT A PROVINCE)",Visual Disability,348.0,721.0,1587.0,2348.0,248187,4960933
National Capital Region (NCR),"NCR, THIRD DISTRICT (NOT A PROVINCE)",Cognitive Disability,48.0,57.0,106.0,327.0,15785,2940822
National Capital Region (NCR),"NCR, THIRD DISTRICT (NOT A PROVINCE)",Communication Disability,77.0,69.0,75.0,156.0,11038,2940822
National Capital Region (NCR),"NCR, THIRD DISTRICT (NOT A PROVINCE)",Hearing Disability,53.0,71.0,188.0,746.0,31047,2940822
National Capital Region (NCR),"NCR, THIRD DISTRICT (NOT A PROVINCE)",Mobility Disability,47.0,56.0,197.0,809.0,32560,2940822
National Capital Region (NCR),"NCR, THIRD DISTRICT (NOT A PROVINCE)",Self-Care Disability,64.0,37.0,54.0,214.0,10783,2940822
National Capital Region (NCR),"NCR, THIRD DISTRICT (NOT A PROVINCE)",Visual Disability,429.0,831.0,2290.0,3148.0,196890,2940822
REGION XI (DAVAO REGION),COMPOSTELA VALLEY,Cognitive Disability,116.0,287.0,784.0,1503.0,20805,774102
REGION XI (DAVAO REGION),COMPOSTELA VALLEY,Communication Disability,145.0,116.0,122.0,288.0,5180,774102
REGION XI (DAVAO REGION),COMPOSTELA VALLEY,Hearing Disability,92.0,130.0,373.0,1485.0,16085,774102
REGION XI (DAVAO REGION),COMPOSTELA VALLEY,Mobility Disability,91.0,114.0,425.0,1515.0,16591,774102
REGION XI (DAVAO REGION),COMPOSTELA VALLEY,Self-Care Disability,116.0,62.0,82.0,391.0,5020,774102
REGION XI (DAVAO REGION),COMPOSTELA VALLEY,Visual Disability,154.0,450.0,2620.0,4165.0,57173,774102
REGION XI (DAVAO REGION),DAVAO DEL NORTE,Cognitive Disability,89.0,144.0,383.0,898.0,15977,1056457
REGION XI (DAVAO REGION),DAVAO DEL NORTE,Communication Disability,121.0,90.0,107.0,263.0,6108,1056457
REGION XI (DAVAO REGION),DAVAO DEL NORTE,Hearing Disability,70.0,92.0,276.0,1280.0,18123,1056457
REGION XI (DAVAO REGION),DAVAO DEL NORTE,Mobility Disability,69.0,87.0,332.0,1259.0,18423,1056457
REGION XI (DAVAO REGION),DAVAO DEL NORTE,Self-Care Disability,113.0,64.0,95.0,383.0,6899,1056457
REGION XI (DAVAO REGION),DAVAO DEL NORTE,Visual Disability,156.0,422.0,2289.0,3790.0,70313,1056457
REGION XI (DAVAO REGION),DAVAO DEL SUR,Cognitive Disability,70.0,101.0,217.0,635.0,25708,2520852
REGION XI (DAVAO REGION),DAVAO DEL SUR,Communication Disability,110.0,97.0,104.0,227.0,13527,2520852
REGION XI (DAVAO REGION),DAVAO DEL SUR,Hearing Disability,50.0,69.0,177.0,902.0,30139,2520852
REGION XI (DAVAO REGION),DAVAO DEL SUR,Mobility Disability,54.0,66.0,213.0,946.0,32203,2520852
REGION XI (DAVAO REGION),DAVAO DEL SUR,Self-Care Disability,94.0,50.0,68.0,315.0,13230,2520852
REGION XI (DAVAO REGION),DAVAO DEL SUR,Visual Disability,181.0,447.0,1661.0,2875.0,130139,2520852
REGION XI (DAVAO REGION),DAVAO OCCIDENTAL,Cognitive Disability,92.0,270.0,666.0,1135.0,7325,338925
REGION XI (DAVAO REGION),DAVAO OCCIDENTAL,Communication Disability,126.0,95.0,120.0,294.0,2146,338925
REGION XI (DAVAO REGION),DAVAO OCCIDENTAL,Hearing Disability,68.0,99.0,278.0,1065.0,5112,338925
REGION XI (DAVAO REGION),DAVAO OCCIDENTAL,Mobility Disability,76.0,92.0,336.0,1030.0,5192,338925
REGION XI (DAVAO REGION),DAVAO OCCIDENTAL,Self-Care Disability,104.0,57.0,88.0,363.0,2073,338925
REGION XI (DAVAO REGION),DAVAO OCCIDENTAL,Visual Disability,92.0,244.0,1575.0,2687.0,15577,338925
REGION XI (DAVAO REGION),DAVAO ORIENTAL,Cognitive Disability,76.0,122.0,342.0,1010.0,9295,600531
REGION XI (DAVAO REGION),DAVAO ORIENTAL,Communication Disability,99.0,81.0,84.0,305.0,3399,600531
REGION XI (DAVAO REGION),DAVAO ORIENTAL,Hearing Disability,61.0,74.0,239.0,1288.0,9968,600531
REGION XI (DAVAO REGION),DAVAO ORIENTAL,Mobility Disability,60.0,79.0,298.0,1319.0,10535,600531
REGION XI (DAVAO REGION),DAVAO ORIENTAL,Self-Care Disability,89.0,46.0,61.0,404.0,3589,600531
REGION XI (DAVAO REGION),DAVAO ORIENTAL,Visual Disability,106.0,250.0,1679.0,3354.0,32348,600531
REGION XII (SOCCSKSARGEN),COTABATO (NORTH COTABATO),Cognitive Disability,81.0,111.0,307.0,783.0,19562,1527149
REGION XII (SOCCSKSARGEN),COTABATO (NORTH COTABATO),Communication Disability,106.0,87.0,94.0,238.0,7992,1527149
REGION XII (SOCCSKSARGEN),COTABATO (NORTH COTABATO),Hearing Disability,51.0,68.0,205.0,1000.0,20190,1527149
REGION XII (SOCCSKSARGEN),COTABATO (NORTH COTABATO),Mobility Disability,65.0,69.0,261.0,996.0,21216,1527149
REGION XII (SOCCSKSARGEN),COTABATO (NORTH COTABATO),Self-Care Disability,114.0,46.0,70.0,323.0,8402,1527149
REGION XII (SOCCSKSARGEN),COTABATO (NORTH COTABATO),Visual Disability,84.0,191.0,1438.0,2667.0,66850,1527149
REGION XII (SOCCSKSARGEN),SARANGANI,Cognitive Disability,573.0,1065.0,2605.0,6248.0,61228,583791
REGION XII (SOCCSKSARGEN),SARANGANI,Communication Disability,796.0,646.0,624.0,1580.0,21271,583791
REGION XII (SOCCSKSARGEN),SARANGANI,Hearing Disability,459.0,644.0,1676.0,7560.0,60346,583791
REGION XII (SOCCSKSARGEN),SARANGANI,Mobility Disability,458.0,533.0,1725.0,7069.0,57114,583791
REGION XII (SOCCSKSARGEN),SARANGANI,Self-Care Disability,647.0,350.0,446.0,2177.0,21118,583791
REGION XII (SOCCSKSARGEN),SARANGANI,Visual Disability,736.0,1776.0,10266.0,18679.0,183632,583791
REGION XII (SOCCSKSARGEN),SOUTH COTABATO,Cognitive Disability,84.0,133.0,314.0,750.0,21025,1644256
REGION XII (SOCCSKSARGEN),SOUTH COTABATO,Communication Disability,101.0,90.0,93.0,230.0,8435,1644256
REGION XII (SOCCSKSARGEN),SOUTH COTABATO,Hearing Disability,60.0,84.0,203.0,922.0,20842,1644256
REGION XII (SOCCSKSARGEN),SOUTH COTABATO,Mobility Disability,65.0,80.0,269.0,970.0,22725,1644256
REGION XII (SOCCSKSARGEN),SOUTH COTABATO,Self-Care Disability,111.0,53.0,80.0,332.0,9423,1644256
REGION XII (SOCCSKSARGEN),SOUTH COTABATO,Visual Disability,161.0,395.0,1832.0,2818.0,85584,1644256
REGION XII (SOCCSKSARGEN),SULTAN KUDARAT,Cognitive Disability,72.0,197.0,557.0,1056.0,16076,855241
REGION XII (SOCCSKSARGEN),SULTAN KUDARAT,Communication Disability,95.0,74.0,98.0,278.0,4649,855241
REGION XII (SOCCSKSARGEN),SULTAN KUDARAT,Hearing Disability,51.0,71.0,264.0,1128.0,12927,855241
REGION XII (SOCCSKSARGEN),SULTAN KUDARAT,Mobility Disability,61.0,83.0,325.0,1131.0,13670,855241
REGION XII (SOCCSKSARGEN),SULTAN KUDARAT,Self-Care Disability,114.0,46.0,87.0,395.0,5477,855241
REGION XII (SOCCSKSARGEN),SULTAN KUDARAT,Visual Disability,68.0,210.0,1561.0,2701.0,38816,855241
Region I (Ilocos Region),ILOCOS NORTE,Cognitive Disability,49.0,63.0,178.0,1030.0,8085,613421
Region I (Ilocos Region),ILOCOS NORTE,Communication Disability,84.0,89.0,111.0,368.0,3983,613421
Region I (Ilocos Region),ILOCOS NORTE,Hearing Disability,46.0,70.0,209.0,1737.0,12638,613421
Region I (Ilocos Region),ILOCOS NORTE,Mobility Disability,58.0,70.0,246.0,1829.0,13503,613421
Region I (Ilocos Region),ILOCOS NORTE,Self-Care Disability,73.0,44.0,67.0,558.0,4540,613421
Region I (Ilocos Region),ILOCOS NORTE,Visual Disability,102.0,239.0,1304.0,3585.0,32064,613421
Region I (Ilocos Region),ILOCOS SUR,Cognitive Disability,56.0,80.0,251.0,1278.0,11896,715810
Region I (Ilocos Region),ILOCOS SUR,Communication Disability,85.0,80.0,108.0,401.0,4813,715810
Region I (Ilocos Region),ILOCOS SUR,Hearing Disability,57.0,91.0,348.0,2418.0,20844,715810
Region I (Ilocos Region),ILOCOS SUR,Mobility Disability,65.0,84.0,354.0,2374.0,20579,715810
Region I (Ilocos Region),ILOCOS SUR,Self-Care Disability,70.0,46.0,84.0,632.0,5934,715810
Region I (Ilocos Region),ILOCOS SUR,Visual Disability,155.0,376.0,2467.0,5627.0,61726,715810
Region I (Ilocos Region),LA UNION,Cognitive Disability,58.0,76.0,205.0,1025.0,11275,828194
Region I (Ilocos Region),LA UNION,Communication Disability,102.0,95.0,108.0,322.0,5170,828194
Region I (Ilocos Region),LA UNION,Hearing Disability,62.0,90.0,272.0,1856.0,18869,828194
Region I (Ilocos Region),LA UNION,Mobility Disability,66.0,87.0,303.0,1781.0,18503,828194
Region I (Ilocos Region),LA UNION,Self-Care Disability,79.0,55.0,79.0,488.0,5780,828194
Region I (Ilocos Region),LA UNION,Visual Disability,156.0,379.0,1943.0,4495.0,57736,828194
Region I (Ilocos Region),PANGASINAN,Cognitive Disability,54.0,74.0,198.0,889.0,37762,3113382
Region I (Ilocos Region),PANGASINAN,Communication Disability,103.0,98.0,114.0,318.0,19646,3113382
Region I (Ilocos Region),PANGASINAN,Hearing Disability,57.0,80.0,275.0,1691.0,65411,3113382
Region I (Ilocos Region),PANGASINAN,Mobility Disability,58.0,75.0,281.0,1630.0,63540,3113382
Region I (Ilocos Region),PANGASINAN,Self-Care Disability,78.0,48.0,76.0,465.0,20714,3113382
Region I (Ilocos Region),PANGASINAN,Visual Disability,152.0,386.0,2353.0,4655.0,234885,3113382
Region II (Cagayan Valley),BATANES,Cognitive Disability,84.0,163.0,202.0,1024.0,263,17874
Region II (Cagayan Valley),BATANES,Communication Disability,224.0,157.0,118.0,319.0,146,17874
Region II (Cagayan Valley),BATANES,Hearing Disability,118.0,112.0,331.0,2154.0,485,17874
Region II (Cagayan Valley),BATANES,Mobility Disability,90.0,101.0,359.0,2345.0,517,17874
Region II (Cagayan Valley),BATANES,Self-Care Disability,118.0,84.0,84.0,465.0,134,17874
Region II (Cagayan Valley),BATANES,Visual Disability,185.0,286.0,1315.0,3531.0,950,17874
Region II (Cagayan Valley),CAGAYAN,Cognitive Disability,66.0,96.0,304.0,1213.0,21363,1273322
Region II (Cagayan Valley),CAGAYAN,Communication Disability,101.0,87.0,108.0,356.0,8278,1273322
Region II (Cagayan Valley),CAGAYAN,Hearing Disability,69.0,98.0,361.0,2011.0,32301,1273322
Region II (Cagayan Valley),CAGAYAN,Mobility Disability,77.0,98.0,377.0,1809.0,30032,1273322
Region II (Cagayan Valley),CAGAYAN,Self-Care Disability,105.0,60.0,96.0,496.0,9618,1273322
Region II (Cagayan Valley),CAGAYAN,Visual Disability,175.0,412.0,2461.0,4886.0,100996,1273322
Region II (Cagayan Valley),ISABELA,Cognitive Disability,66.0,116.0,351.0,1137.0,28113,1685739
Region II (Cagayan Valley),ISABELA,Communication Disability,123.0,111.0,119.0,316.0,11222,1685739
Region II (Cagayan Valley),ISABELA,Hearing Disability,76.0,107.0,378.0,1866.0,40872,1685739
Region II (Cagayan Valley),ISABELA,Mobility Disability,71.0,100.0,422.0,1782.0,39987,1685739
Region II (Cagayan Valley),ISABELA,Self-Care Disability,92.0,52.0,77.0,401.0,10452,1685739
Region II (Cagayan Valley),ISABELA,Visual Disability,204.0,515.0,3121.0,5207.0,152476,1685739
Region II (Cagayan Valley),NUEVA VIZCAYA,Cognitive Disability,93.0,126.0,344.0,1224.0,8619,482894
Region II (Cagayan Valley),NUEVA VIZCAYA,Communication Disability,117.0,100.0,108.0,355.0,3271,482894
Region II (Cagayan Valley),NUEVA VIZCAYA,Hearing Disability,87.0,109.0,379.0,2012.0,12482,482894
Region II (Cagayan Valley),NUEVA VIZCAYA,Mobility Disability,94.0,110.0,423.0,2099.0,13157,482894
Region II (Cagayan Valley),NUEVA VIZCAYA,Self-Care Disability,137.0,65.0,94.0,516.0,3911,482894
Region II (Cagayan Valley),NUEVA VIZCAYA,Visual Disability,162.0,379.0,2221.0,4703.0,36041,482894
Region II (Cagayan Valley),QUIRINO,Cognitive Disability,71.0,113.0,289.0,1024.0,2957,197917
Region II (Cagayan Valley),QUIRINO,Communication Disability,100.0,83.0,99.0,259.0,1064,197917
Region II (Cagayan Valley),QUIRINO,Hearing Disability,92.0,109.0,346.0,1652.0,4348,197917
Region II (Cagayan Valley),QUIRINO,Mobility Disability,85.0,102.0,346.0,1648.0,4313,197917
Region II (Cagayan Valley),QUIRINO,Self-Care Disability,69.0,55.0,62.0,357.0,1069,197917
Region II (Cagayan Valley),QUIRINO,Visual Disability,127.0,291.0,1662.0,3274.0,10592,197917
Region III (Central Luzon),AURORA,Cognitive Disability,81.0,109.0,254.0,745.0,2700,227530
Region III (Central Luzon),AURORA,Communication Disability,117.0,96.0,100.0,254.0,1286,227530
Region III (Central Luzon),AURORA,Hearing Disability,69.0,88.0,258.0,1210.0,3694,227530
Region III (Central Luzon),AURORA,Mobility Disability,86.0,100.0,291.0,1246.0,3917,227530
Region III (Central Luzon),AURORA,Self-Care Disability,78.0,51.0,61.0,358.0,1241,227530
Region III (Central Luzon),AURORA,Visual Disability,115.0,232.0,1347.0,2758.0,10125,227530
Region III (Central Luzon),BATAAN,Cognitive Disability,57.0,88.0,220.0,605.0,8093,836076
Region III (Central Luzon),BATAAN,Communication Disability,90.0,80.0,88.0,202.0,3832,836076
Region III (Central Luzon),BATAAN,Hearing Disability,71.0,93.0,273.0,1090.0,12754,836076
Region III (Central Luzon),BATAAN,Mobility Disability,60.0,80.0,309.0,1340.0,14946,836076
Region III (Central Luzon),BATAAN,Self-Care Disability,76.0,49.0,71.0,309.0,4212,836076
Region III (Central Luzon),BATAAN,Visual Disability,380.0,784.0,2709.0,4087.0,66535,836076
Region III (Central Luzon),BULACAN,Cognitive Disability,61.0,82.0,184.0,556.0,32148,3646679
Region III (Central Luzon),BULACAN,Communication Disability,105.0,94.0,103.0,225.0,19115,3646679
Region III (Central Luzon),BULACAN,Hearing Disability,63.0,95.0,256.0,1063.0,53788,3646679
Region III (Central Luzon),BULACAN,Mobility Disability,56.0,75.0,277.0,1257.0,60681,3646679
Region III (Central Luzon),BULACAN,Self-Care Disability,80.0,52.0,75.0,316.0,18989,3646679
Region III (Central Luzon),BULACAN,Visual Disability,427.0,879.0,2875.0,4055.0,300259,3646679
Region III (Central Luzon),NUEVA ECIJA,Cognitive Disability,49.0,71.0,181.0,694.0,23399,2355414
Region III (Central Luzon),NUEVA ECIJA,Communication Disability,91.0,87.0,106.0,288.0,13429,2355414
Region III (Central Luzon),NUEVA ECIJA,Hearing Disability,58.0,86.0,297.0,1485.0,45316,2355414
Region III (Central Luzon),NUEVA ECIJA,Mobility Disability,52.0,75.0,300.0,1546.0,46433,2355414
Region III (Central Luzon),NUEVA ECIJA,Self-Care Disability,83.0,53.0,81.0,400.0,14477,2355414
Region III (Central Luzon),NUEVA ECIJA,Visual Disability,233.0,562.0,3048.0,5076.0,210017,2355414
Region III (Central Luzon),PAMPANGA,Cognitive Disability,36.0,44.0,94.0,381.0,16006,2893624
Region III (Central Luzon),PAMPANGA,Communication Disability,76.0,74.0,84.0,178.0,11842,2893624
Region III (Central Luzon),PAMPANGA,Hearing Disability,40.0,52.0,135.0,685.0,26330,2893624
Region III (Central Luzon),PAMPANGA,Mobility Disability,35.0,47.0,171.0,861.0,32149,2893624
Region III (Central Luzon),PAMPANGA,Self-Care Disability,47.0,31.0,47.0,250.0,10790,2893624
Region III (Central Luzon),PAMPANGA,Visual Disability,218.0,459.0,1402.0,2403.0,129675,2893624
Region III (Central Luzon),TARLAC,Cognitive Disability,40.0,58.0,137.0,603.0,12217,1460137
Region III (Central Luzon),TARLAC,Communication Disability,85.0,83.0,96.0,221.0,7050,1460137
Region III (Central Luzon),TARLAC,Hearing Disability,52.0,70.0,209.0,1169.0,21850,1460137
Region III (Central Luzon),TARLAC,Mobility Disability,51.0,64.0,233.0,1233.0,23051,1460137
Region III (Central Luzon),TARLAC,Self-Care Disability,58.0,45.0,63.0,351.0,7529,1460137
Region III (Central Luzon),TARLAC,Visual Disability,169.0,355.0,1679.0,3182.0,78602,1460137
Region III (Central Luzon),ZAMBALES,Cognitive Disability,67.0,98.0,246.0,817.0,10959,894254
Region III (Central Luzon),ZAMBALES,Communication Disability,94.0,80.0,92.0,279.0,4851,894254
Region III (Central Luzon),ZAMBALES,Hearing Disability,80.0,112.0,302.0,1526.0,18047,894254
Region III (Central Luzon),ZAMBALES,Mobility Disability,67.0,83.0,321.0,1624.0,18721,894254
Region III (Central Luzon),ZAMBALES,Self-Care Disability,73.0,45.0,70.0,416.0,5387,894254
Region III (Central Luzon),ZAMBALES,Visual Disability,268.0,701.0,2859.0,4711.0,76348,894254
Region IV-A (CALABARZON),BATANGAS,Cognitive Disability,49.0,54.0,108.0,455.0,20136,3033730
Region IV-A (CALABARZON),BATANGAS,Communication Disability,79.0,74.0,84.0,221.0,13844,3033730
Region IV-A (CALABARZON),BATANGAS,Hearing Disability,47.0,60.0,165.0,924.0,36229,3033730
Region IV-A (CALABARZON),BATANGAS,Mobility Disability,50.0,63.0,222.0,1176.0,45785,3033730
Region IV-A (CALABARZON),BATANGAS,Self-Care Disability,81.0,41.0,59.0,314.0,14938,3033730
Region IV-A (CALABARZON),BATANGAS,Visual Disability,219.0,465.0,1614.0,2941.0,158855,3033730
Region IV-A (CALABARZON),CAVITE,Cognitive Disability,55.0,59.0,119.0,387.0,26012,4210866
Region IV-A (CALABARZON),CAVITE,Communication Disability,92.0,80.0,94.0,182.0,18778,4210866
Region IV-A (CALABARZON),CAVITE,Hearing Disability,53.0,70.0,176.0,817.0,46899,4210866
Region IV-A (CALABARZON),CAVITE,Mobility Disability,51.0,61.0,212.0,934.0,52845,4210866
Region IV-A (CALABARZON),CAVITE,Self-Care Disability,68.0,40.0,62.0,251.0,17645,4210866
Region IV-A (CALABARZON),CAVITE,Visual Disability,329.0,666.0,1810.0,2692.0,231358,4210866
Region IV-A (CALABARZON),LAGUNA,Cognitive Disability,61.0,72.0,150.0,449.0,24421,3343703
Region IV-A (CALABARZON),LAGUNA,Communication Disability,91.0,83.0,103.0,184.0,15373,3343703
Region IV-A (CALABARZON),LAGUNA,Hearing Disability,48.0,69.0,198.0,857.0,39119,3343703
Region IV-A (CALABARZON),LAGUNA,Mobility Disability,58.0,66.0,219.0,949.0,43165,3343703
Region IV-A (CALABARZON),LAGUNA,Self-Care Disability,84.0,50.0,73.0,258.0,15484,3343703
Region IV-A (CALABARZON),LAGUNA,Visual Disability,277.0,627.0,1830.0,2817.0,185517,3343703
Region IV-A (CALABARZON),QUEZON,Cognitive Disability,84.0,150.0,420.0,1039.0,38206,2260033
Region IV-A (CALABARZON),QUEZON,Communication Disability,127.0,105.0,118.0,291.0,14461,2260033
Region IV-A (CALABARZON),QUEZON,Hearing Disability,88.0,113.0,346.0,1466.0,45468,2260033
Region IV-A (CALABARZON),QUEZON,Mobility Disability,80.0,93.0,373.0,1628.0,49097,2260033
Region IV-A (CALABARZON),QUEZON,Self-Care Disability,96.0,54.0,81.0,368.0,13488,2260033
Region IV-A (CALABARZON),QUEZON,Visual Disability,238.0,504.0,2583.0,4299.0,172265,2260033
Region IV-A (CALABARZON),RIZAL,Cognitive Disability,53.0,71.0,163.0,443.0,23363,3208959
Region IV-A (CALABARZON),RIZAL,Communication Disability,82.0,75.0,90.0,189.0,13971,3208959
Region IV-A (CALABARZON),RIZAL,Hearing Disability,57.0,78.0,205.0,771.0,35568,3208959
Region IV-A (CALABARZON),RIZAL,Mobility Disability,50.0,61.0,219.0,846.0,37665,3208959
Region IV-A (CALABARZON),RIZAL,Self-Care Disability,65.0,40.0,66.0,253.0,13528,3208959
Region IV-A (CALABARZON),RIZAL,Visual Disability,311.0,672.0,2034.0,2791.0,186306,3208959
Region IX (Zamboanga Peninsula),CITY OF ISABELA (NOT A PROVINCE),Cognitive Disability,49.0,65.0,136.0,527.0,991,127728
Region IX (Zamboanga Peninsula),CITY OF ISABELA (NOT A PROVINCE),Communication Disability,116.0,90.0,85.0,208.0,635,127728
Region IX (Zamboanga Peninsula),CITY OF ISABELA (NOT A PROVINCE),Hearing Disability,29.0,44.0,114.0,737.0,1178,127728
Region IX (Zamboanga Peninsula),CITY OF ISABELA (NOT A PROVINCE),Mobility Disability,40.0,41.0,154.0,961.0,1525,127728
Region IX (Zamboanga Peninsula),CITY OF ISABELA (NOT A PROVINCE),Self-Care Disability,231.0,69.0,113.0,349.0,970,127728
Region IX (Zamboanga Peninsula),CITY OF ISABELA (NOT A PROVINCE),Visual Disability,98.0,168.0,798.0,1851.0,3721,127728
Region IX (Zamboanga Peninsula),ZAMBOANGA DEL NORTE,Cognitive Disability,97.0,137.0,385.0,1211.0,19137,1047292
Region IX (Zamboanga Peninsula),ZAMBOANGA DEL NORTE,Communication Disability,127.0,101.0,119.0,358.0,7362,1047292
Region IX (Zamboanga Peninsula),ZAMBOANGA DEL NORTE,Hearing Disability,81.0,92.0,283.0,1638.0,21898,1047292
Region IX (Zamboanga Peninsula),ZAMBOANGA DEL NORTE,Mobility Disability,81.0,80.0,328.0,1614.0,22000,1047292
Region IX (Zamboanga Peninsula),ZAMBOANGA DEL NORTE,Self-Care Disability,108.0,55.0,91.0,462.0,7487,1047292
Region IX (Zamboanga Peninsula),ZAMBOANGA DEL NORTE,Visual Disability,120.0,266.0,1901.0,4034.0,66179,1047292
Region IX (Zamboanga Peninsula),ZAMBOANGA DEL SUR,Cognitive Disability,91.0,108.0,287.0,916.0,27008,1928337
Region IX (Zamboanga Peninsula),ZAMBOANGA DEL SUR,Communication Disability,129.0,99.0,110.0,298.0,12241,1928337
Region IX (Zamboanga Peninsula),ZAMBOANGA DEL SUR,Hearing Disability,51.0,71.0,208.0,1185.0,29164,1928337
Region IX (Zamboanga Peninsula),ZAMBOANGA DEL SUR,Mobility Disability,62.0,71.0,260.0,1242.0,31472,1928337
Region IX (Zamboanga Peninsula),ZAMBOANGA DEL SUR,Self-Care Disability,135.0,64.0,98.0,433.0,14026,1928337
Region IX (Zamboanga Peninsula),ZAMBOANGA DEL SUR,Visual Disability,111.0,271.0,1601.0,3195.0,99819,1928337
Region IX (Zamboanga Peninsula),ZAMBOANGA SIBUGAY,Cognitive Disability,104.0,173.0,581.0,1388.0,15255,679404
Region IX (Zamboanga Peninsula),ZAMBOANGA SIBUGAY,Communication Disability,134.0,110.0,110.0,291.0,4374,679404
Region IX (Zamboanga Peninsula),ZAMBOANGA SIBUGAY,Hearing Disability,77.0,96.0,316.0,1577.0,14015,679404
Region IX (Zamboanga Peninsula),ZAMBOANGA SIBUGAY,Mobility Disability,81.0,90.0,357.0,1393.0,13037,679404
Region IX (Zamboanga Peninsula),ZAMBOANGA SIBUGAY,Self-Care Disability,106.0,57.0,83.0,370.0,4170,679404
Region IX (Zamboanga Peninsula),ZAMBOANGA SIBUGAY,Visual Disability,123.0,318.0,2570.0,4298.0,49646,679404
Region V (Bicol Region),ALBAY,Cognitive Disability,74.0,103.0,250.0,862.0,17965,1396088
Region V (Bicol Region),ALBAY,Communication Disability,123.0,109.0,130.0,316.0,9431,1396088
Region V (Bicol Region),ALBAY,Hearing Disability,94.0,113.0,297.0,1456.0,27346,1396088
Region V (Bicol Region),ALBAY,Mobility Disability,83.0,95.0,361.0,1749.0,31907,1396088
Region V (Bicol Region),ALBAY,Self-Care Disability,92.0,56.0,79.0,421.0,9013,1396088
Region V (Bicol Region),ALBAY,Visual Disability,221.0,408.0,2045.0,3869.0,91312,1396088
Region V (Bicol Region),CAMARINES NORTE,Cognitive Disability,114.0,162.0,433.0,1189.0,11796,622514
Region V (Bicol Region),CAMARINES NORTE,Communication Disability,176.0,142.0,137.0,330.0,4876,622514
Region V (Bicol Region),CAMARINES NORTE,Hearing Disability,138.0,157.0,416.0,1564.0,14144,622514
Region V (Bicol Region),CAMARINES NORTE,Mobility Disability,106.0,120.0,446.0,1876.0,15852,622514
Region V (Bicol Region),CAMARINES NORTE,Self-Care Disability,128.0,67.0,89.0,415.0,4332,622514
Region V (Bicol Region),CAMARINES NORTE,Visual Disability,201.0,428.0,2448.0,4162.0,45048,622514
Region V (Bicol Region),CAMARINES SUR,Cognitive Disability,89.0,169.0,438.0,1314.0,41336,2059495
Region V (Bicol Region),CAMARINES SUR,Communication Disability,156.0,130.0,130.0,342.0,15568,2059495
Region V (Bicol Region),CAMARINES SUR,Hearing Disability,130.0,154.0,412.0,1802.0,51404,2059495
Region V (Bicol Region),CAMARINES SUR,Mobility Disability,97.0,112.0,430.0,1935.0,52968,2059495
Region V (Bicol Region),CAMARINES SUR,Self-Care Disability,112.0,66.0,91.0,462.0,15006,2059495
Region V (Bicol Region),CAMARINES SUR,Visual Disability,232.0,489.0,2676.0,4596.0,164575,2059495
Region V (Bicol Region),CATANDUANES,Cognitive Disability,115.0,215.0,503.0,1442.0,6204,272941
Region V (Bicol Region),CATANDUANES,Communication Disability,188.0,154.0,148.0,406.0,2442,272941
Region V (Bicol Region),CATANDUANES,Hearing Disability,152.0,179.0,417.0,1696.0,6665,272941
Region V (Bicol Region),CATANDUANES,Mobility Disability,117.0,124.0,506.0,2235.0,8136,272941
Region V (Bicol Region),CATANDUANES,Self-Care Disability,122.0,64.0,87.0,526.0,2174,272941
Region V (Bicol Region),CATANDUANES,Visual Disability,192.0,303.0,1960.0,3767.0,16978,272941
Region V (Bicol Region),MASBATE,Cognitive Disability,66.0,92.0,221.0,730.0,10367,937079
Region V (Bicol Region),MASBATE,Communication Disability,121.0,100.0,101.0,253.0,5361,937079
Region V (Bicol Region),MASBATE,Hearing Disability,62.0,80.0,210.0,1182.0,14347,937079
Region V (Bicol Region),MASBATE,Mobility Disability,70.0,73.0,278.0,1371.0,16777,937079
Region V (Bicol Region),MASBATE,Self-Care Disability,72.0,46.0,58.0,331.0,4732,937079
Region V (Bicol Region),MASBATE,Visual Disability,122.0,256.0,1775.0,3342.0,51475,937079
Region V (Bicol Region),SORSOGON,Cognitive Disability,85.0,131.0,318.0,1089.0,13708,845718
Region V (Bicol Region),SORSOGON,Communication Disability,161.0,135.0,134.0,393.0,6938,845718
Region V (Bicol Region),SORSOGON,Hearing Disability,99.0,137.0,405.0,1781.0,20468,845718
Region V (Bicol Region),SORSOGON,Mobility Disability,92.0,105.0,411.0,2000.0,22042,845718
Region V (Bicol Region),SORSOGON,Self-Care Disability,101.0,61.0,79.0,511.0,6338,845718
Region V (Bicol Region),SORSOGON,Visual Disability,222.0,479.0,2711.0,4621.0,67911,845718
Region VI (Western Visayas),AKLAN,Cognitive Disability,111.0,175.0,511.0,1753.0,15429,605584
Region VI (Western Visayas),AKLAN,Communication Disability,139.0,121.0,132.0,440.0,5027,605584
Region VI (Western Visayas),AKLAN,Hearing Disability,68.0,103.0,314.0,2038.0,15267,605584
Region VI (Western Visayas),AKLAN,Mobility Disability,88.0,108.0,398.0,2153.0,16617,605584
Region VI (Western Visayas),AKLAN,Self-Care Disability,135.0,69.0,104.0,670.0,5913,605584
Region VI (Western Visayas),AKLAN,Visual Disability,163.0,394.0,2519.0,5806.0,53778,605584
Region VI (Western Visayas),ANTIQUE,Cognitive Disability,107.0,226.0,696.0,2202.0,19774,612454
Region VI (Western Visayas),ANTIQUE,Communication Disability,144.0,129.0,153.0,504.0,5687,612454
Region VI (Western Visayas),ANTIQUE,Hearing Disability,96.0,137.0,447.0,2256.0,17974,612454
Region VI (Western Visayas),ANTIQUE,Mobility Disability,96.0,125.0,502.0,2638.0,20574,612454
Region VI (Western Visayas),ANTIQUE,Self-Care Disability,166.0,78.0,116.0,742.0,6736,612454
Region VI (Western Visayas),ANTIQUE,Visual Disability,191.0,409.0,2495.0,5365.0,51800,612454
Region VI (Western Visayas),CAPIZ,Cognitive Disability,88.0,150.0,454.0,1648.0,18770,803083
Region VI (Western Visayas),CAPIZ,Communication Disability,114.0,115.0,127.0,425.0,6255,803083
Region VI (Western Visayas),CAPIZ,Hearing Disability,63.0,85.0,254.0,1792.0,17593,803083
Region VI (Western Visayas),CAPIZ,Mobility Disability,70.0,90.0,329.0,1767.0,18105,803083
Region VI (Western Visayas),CAPIZ,Self-Care Disability,95.0,65.0,92.0,554.0,6455,803083
Region VI (Western Visayas),CAPIZ,Visual Disability,119.0,272.0,1902.0,4913.0,57861,803083
Region VI (Western Visayas),GUIMARAS,Cognitive Disability,74.0,124.0,349.0,1179.0,3192,185174
Region VI (Western Visayas),GUIMARAS,Communication Disability,119.0,123.0,140.0,316.0,1289,185174
Region VI (Western Visayas),GUIMARAS,Hearing Disability,62.0,77.0,198.0,1366.0,3150,185174
Region VI (Western Visayas),GUIMARAS,Mobility Disability,65.0,90.0,253.0,1515.0,3557,185174
Region VI (Western Visayas),GUIMARAS,Self-Care Disability,91.0,64.0,90.0,476.0,1332,185174
Region VI (Western Visayas),GUIMARAS,Visual Disability,112.0,244.0,1257.0,3579.0,9610,185174
Region VI (Western Visayas),ILOILO,Cognitive Disability,82.0,130.0,413.0,1634.0,56961,2524211
Region VI (Western Visayas),ILOILO,Communication Disability,115.0,105.0,131.0,449.0,20149,2524211
Region VI (Western Visayas),ILOILO,Hearing Disability,66.0,87.0,285.0,1899.0,58957,2524211
Region VI (Western Visayas),ILOILO,Mobility Disability,72.0,89.0,349.0,2033.0,64160,2524211
Region VI (Western Visayas),ILOILO,Self-Care Disability,91.0,61.0,98.0,633.0,22245,2524211
Region VI (Western Visayas),ILOILO,Visual Disability,168.0,406.0,2029.0,4719.0,184750,2524211
Region VI (Western Visayas),NEGROS OCCIDENTAL,Cognitive Disability,68.0,92.0,236.0,866.0,39980,3174389
Region VI (Western Visayas),NEGROS OCCIDENTAL,Communication Disability,112.0,103.0,115.0,279.0,19278,3174389
Region VI (Western Visayas),NEGROS OCCIDENTAL,Hearing Disability,49.0,67.0,203.0,1308.0,51579,3174389
Region VI (Western Visayas),NEGROS OCCIDENTAL,Mobility Disability,55.0,67.0,237.0,1225.0,50234,3174389
Region VI (Western Visayas),NEGROS OCCIDENTAL,Self-Care Disability,86.0,53.0,78.0,387.0,19087,3174389
Region VI (Western Visayas),NEGROS OCCIDENTAL,Visual Disability,106.0,221.0,1517.0,3476.0,168792,3174389
Region VII (Central Visayas),BOHOL,Cognitive Disability,106.0,169.0,499.0,1691.0,33621,1365107
Region VII (Central Visayas),BOHOL,Communication Disability,141.0,122.0,135.0,425.0,11201,1365107
Region VII (Central Visayas),BOHOL,Hearing Disability,86.0,114.0,320.0,2083.0,35514,1365107
Region VII (Central Visayas),BOHOL,Mobility Disability,80.0,92.0,343.0,2158.0,36451,1365107
Region VII (Central Visayas),BOHOL,Self-Care Disability,103.0,63.0,89.0,596.0,11595,1365107
Region VII (Central Visayas),BOHOL,Visual Disability,149.0,329.0,1751.0,4126.0,86722,1365107
Region VII (Central Visayas),CEBU,Cognitive Disability,81.0,123.0,261.0,785.0,63433,5085207
Region VII (Central Visayas),CEBU,Communication Disability,111.0,100.0,104.0,261.0,29181,5085207
Region VII (Central Visayas),CEBU,Hearing Disability,60.0,83.0,206.0,1090.0,73065,5085207
Region VII (Central Visayas),CEBU,Mobility Disability,62.0,73.0,236.0,1257.0,82699,5085207
Region VII (Central Visayas),CEBU,Self-Care Disability,81.0,50.0,70.0,355.0,28180,5085207
Region VII (Central Visayas),CEBU,Visual Disability,177.0,422.0,1426.0,2612.0,235718,5085207
Region VII (Central Visayas),NEGROS ORIENTAL,Cognitive Disability,105.0,179.0,411.0,1261.0,27486,1406274
Region VII (Central Visayas),NEGROS ORIENTAL,Communication Disability,130.0,121.0,128.0,375.0,10561,1406274
Region VII (Central Visayas),NEGROS ORIENTAL,Hearing Disability,70.0,96.0,240.0,1577.0,27871,1406274
Region VII (Central Visayas),NEGROS ORIENTAL,Mobility Disability,87.0,94.0,319.0,1803.0,32361,1406274
Region VII (Central Visayas),NEGROS ORIENTAL,Self-Care Disability,119.0,78.0,97.0,513.0,11321,1406274
Region VII (Central Visayas),NEGROS ORIENTAL,Visual Disability,137.0,307.0,1566.0,3746.0,80926,1406274
Region VII (Central Visayas),SIQUIJOR,Cognitive Disability,116.0,153.0,391.0,1476.0,2143,100457
Region VII (Central Visayas),SIQUIJOR,Communication Disability,150.0,140.0,152.0,459.0,903,100457
Region VII (Central Visayas),SIQUIJOR,Hearing Disability,67.0,90.0,313.0,2359.0,2840,100457
Region VII (Central Visayas),SIQUIJOR,Mobility Disability,82.0,102.0,379.0,2704.0,3280,100457
Region VII (Central Visayas),SIQUIJOR,Self-Care Disability,105.0,78.0,89.0,699.0,974,100457
Region VII (Central Visayas),SIQUIJOR,Visual Disability,127.0,263.0,1639.0,4327.0,6383,100457
Region VIII (Eastern Visayas),BILIRAN,Cognitive Disability,87.0,137.0,392.0,1228.0,3306,179362
Region VIII (Eastern Visayas),BILIRAN,Communication Disability,138.0,123.0,133.0,333.0,1299,179362
Region VIII (Eastern Visayas),BILIRAN,Hearing Disability,71.0,98.0,326.0,1551.0,3666,179362
Region VIII (Eastern Visayas),BILIRAN,Mobility Disability,79.0,80.0,366.0,1976.0,4483,179362
Region VIII (Eastern Visayas),BILIRAN,Self-Care Disability,92.0,47.0,78.0,494.0,1273,179362
Region VIII (Eastern Visayas),BILIRAN,Visual Disability,103.0,205.0,1398.0,3191.0,8778,179362
Region VIII (Eastern Visayas),EASTERN SAMAR,Cognitive Disability,75.0,152.0,403.0,1367.0,10046,503495
Region VIII (Eastern Visayas),EASTERN SAMAR,Communication Disability,128.0,118.0,116.0,390.0,3777,503495
Region VIII (Eastern Visayas),EASTERN SAMAR,Hearing Disability,93.0,164.0,488.0,2294.0,15292,503495
Region VIII (Eastern Visayas),EASTERN SAMAR,Mobility Disability,89.0,117.0,560.0,2648.0,17178,503495
Region VIII (Eastern Visayas),EASTERN SAMAR,Self-Care Disability,74.0,45.0,61.0,506.0,3443,503495
Region VIII (Eastern Visayas),EASTERN SAMAR,Visual Disability,168.0,399.0,2661.0,5372.0,43291,503495
Region VIII (Eastern Visayas),LEYTE,Cognitive Disability,81.0,139.0,364.0,1170.0,37236,2124269
Region VIII (Eastern Visayas),LEYTE,Communication Disability,124.0,106.0,108.0,306.0,13666,2124269
Region VIII (Eastern Visayas),LEYTE,Hearing Disability,68.0,99.0,296.0,1611.0,44011,2124269
Region VIII (Eastern Visayas),LEYTE,Mobility Disability,70.0,83.0,323.0,1707.0,46328,2124269
Region VIII (Eastern Visayas),LEYTE,Self-Care Disability,112.0,53.0,70.0,427.0,14023,2124269
Region VIII (Eastern Visayas),LEYTE,Visual Disability,146.0,355.0,2074.0,4163.0,143083,2124269
Region VIII (Eastern Visayas),NORTHERN SAMAR,Cognitive Disability,75.0,168.0,520.0,1349.0,14110,668766
Region VIII (Eastern Visayas),NORTHERN SAMAR,Communication Disability,121.0,102.0,112.0,341.0,4506,668766
Region VIII (Eastern Visayas),NORTHERN SAMAR,Hearing Disability,88.0,136.0,530.0,2138.0,19327,668766
Region VIII (Eastern Visayas),NORTHERN SAMAR,Mobility Disability,82.0,103.0,505.0,2074.0,18467,668766
Region VIII (Eastern Visayas),NORTHERN SAMAR,Self-Care Disability,145.0,70.0,89.0,459.0,5093,668766
Region VIII (Eastern Visayas),NORTHERN SAMAR,Visual Disability,184.0,442.0,3216.0,5292.0,61073,668766
Region VIII (Eastern Visayas),SAMAR (WESTERN SAMAR),Cognitive Disability,56.0,78.0,189.0,729.0,8632,822095
Region VIII (Eastern Visayas),SAMAR (WESTERN SAMAR),Communication Disability,95.0,80.0,87.0,229.0,4028,822095
Region VIII (Eastern Visayas),SAMAR (WESTERN SAMAR),Hearing Disability,58.0,89.0,235.0,1345.0,14177,822095
Region VIII (Eastern Visayas),SAMAR (WESTERN SAMAR),Mobility Disability,57.0,65.0,280.0,1425.0,14993,822095
Region VIII (Eastern Visayas),SAMAR (WESTERN SAMAR),Self-Care Disability,63.0,36.0,52.0,318.0,3844,822095
Region VIII (Eastern Visayas),SAMAR (WESTERN SAMAR),Visual Disability,111.0,257.0,1736.0,3512.0,46149,822095
Region VIII (Eastern Visayas),SOUTHERN LEYTE,Cognitive Disability,174.0,189.0,570.0,1772.0,12014,444355
Region VIII (Eastern Visayas),SOUTHERN LEYTE,Communication Disability,125.0,125.0,145.0,458.0,3780,444355
Region VIII (Eastern Visayas),SOUTHERN LEYTE,Hearing Disability,67.0,99.0,330.0,2124.0,11630,444355
Region VIII (Eastern Visayas),SOUTHERN LEYTE,Mobility Disability,70.0,84.0,312.0,1989.0,10899,444355
Region VIII (Eastern Visayas),SOUTHERN LEYTE,Self-Care Disability,231.0,66.0,103.0,657.0,4684,444355
Region VIII (Eastern Visayas),SOUTHERN LEYTE,Visual Disability,143.0,307.0,2121.0,5057.0,33889,444355
Region X (Northern Mindanao),BUKIDNON,Cognitive Disability,106.0,188.0,441.0,960.0,25578,1510189
Region X (Northern Mindanao),BUKIDNON,Communication Disability,162.0,135.0,142.0,287.0,10940,1510189
Region X (Northern Mindanao),BUKIDNON,Hearing Disability,75.0,107.0,273.0,1208.0,25084,1510189
Region X (Northern Mindanao),BUKIDNON,Mobility Disability,78.0,99.0,288.0,1092.0,23483,1510189
Region X (Northern Mindanao),BUKIDNON,Self-Care Disability,170.0,78.0,116.0,368.0,11031,1510189
Region X (Northern Mindanao),BUKIDNON,Visual Disability,134.0,318.0,1610.0,2931.0,75364,1510189
Region X (Northern Mindanao),CAMIGUIN,Cognitive Disability,105.0,253.0,596.0,1526.0,2290,92431
Region X (Northern Mindanao),CAMIGUIN,Communication Disability,158.0,131.0,161.0,321.0,711,92431
Region X (Northern Mindanao),CAMIGUIN,Hearing Disability,111.0,118.0,333.0,1844.0,2222,92431
Region X (Northern Mindanao),CAMIGUIN,Mobility Disability,72.0,92.0,342.0,1869.0,2194,92431
Region X (Northern Mindanao),CAMIGUIN,Self-Care Disability,81.0,63.0,101.0,633.0,810,92431
Region X (Northern Mindanao),CAMIGUIN,Visual Disability,142.0,296.0,1787.0,3834.0,5598,92431
Region X (Northern Mindanao),LANAO DEL NORTE,Cognitive Disability,77.0,99.0,237.0,626.0,11358,1095270
Region X (Northern Mindanao),LANAO DEL NORTE,Communication Disability,114.0,92.0,84.0,226.0,5622,1095270
Region X (Northern Mindanao),LANAO DEL NORTE,Hearing Disability,52.0,71.0,187.0,897.0,13206,1095270
Region X (Northern Mindanao),LANAO DEL NORTE,Mobility Disability,55.0,58.0,186.0,798.0,11997,1095270
Region X (Northern Mindanao),LANAO DEL NORTE,Self-Care Disability,138.0,47.0,62.0,310.0,6085,1095270
Region X (Northern Mindanao),LANAO DEL NORTE,Visual Disability,95.0,202.0,1059.0,2012.0,36863,1095270
Region X (Northern Mindanao),MISAMIS OCCIDENTAL,Cognitive Disability,98.0,128.0,347.0,1249.0,11416,627158
Region X (Northern Mindanao),MISAMIS OCCIDENTAL,Communication Disability,126.0,114.0,113.0,361.0,4467,627158
Region X (Northern Mindanao),MISAMIS OCCIDENTAL,Hearing Disability,63.0,96.0,282.0,1761.0,13798,627158
Region X (Northern Mindanao),MISAMIS OCCIDENTAL,Mobility Disability,74.0,84.0,289.0,1550.0,12513,627158
Region X (Northern Mindanao),MISAMIS OCCIDENTAL,Self-Care Disability,97.0,61.0,94.0,500.0,4704,627158
Region X (Northern Mindanao),MISAMIS OCCIDENTAL,Visual Disability,126.0,259.0,1933.0,4255.0,41209,627158
Region X (Northern Mindanao),MISAMIS ORIENTAL,Cognitive Disability,77.0,128.0,273.0,765.0,20999,1692002
Region X (Northern Mindanao),MISAMIS ORIENTAL,Communication Disability,115.0,108.0,97.0,239.0,9435,1692002
Region X (Northern Mindanao),MISAMIS ORIENTAL,Hearing Disability,65.0,94.0,227.0,1122.0,25475,1692002
Region X (Northern Mindanao),MISAMIS ORIENTAL,Mobility Disability,61.0,78.0,241.0,1095.0,24922,1692002
Region X (Northern Mindanao),MISAMIS ORIENTAL,Self-Care Disability,104.0,61.0,74.0,354.0,9980,1692002
Region X (Northern Mindanao),MISAMIS ORIENTAL,Visual Disability,134.0,332.0,1541.0,2885.0,82739,1692002
Region XIII (Caraga),AGUSAN DEL NORTE,Cognitive Disability,98.0,158.0,331.0,859.0,10670,738775
Region XIII (Caraga),AGUSAN DEL NORTE,Communication Disability,140.0,116.0,103.0,255.0,4514,738775
Region XIII (Caraga),AGUSAN DEL NORTE,Hearing Disability,75.0,104.0,233.0,1156.0,11571,738775
Region XIII (Caraga),AGUSAN DEL NORTE,Mobility Disability,78.0,83.0,257.0,1088.0,11112,738775
Region XIII (Caraga),AGUSAN DEL NORTE,Self-Care Disability,122.0,63.0,77.0,381.0,4731,738775
Region XIII (Caraga),AGUSAN DEL NORTE,Visual Disability,146.0,332.0,1513.0,2815.0,35496,738775
Region XIII (Caraga),AGUSAN DEL SUR,Cognitive Disability,129.0,217.0,539.0,1095.0,14539,734982
Region XIII (Caraga),AGUSAN DEL SUR,Communication Disability,178.0,123.0,110.0,245.0,4811,734982
Region XIII (Caraga),AGUSAN DEL SUR,Hearing Disability,110.0,129.0,331.0,1314.0,13828,734982
Region XIII (Caraga),AGUSAN DEL SUR,Mobility Disability,96.0,101.0,313.0,1144.0,12144,734982
Region XIII (Caraga),AGUSAN DEL SUR,Self-Care Disability,125.0,65.0,75.0,321.0,4289,734982
Region XIII (Caraga),AGUSAN DEL SUR,Visual Disability,124.0,282.0,1683.0,2951.0,37034,734982
Region XIII (Caraga),DINAGAT ISLANDS,Cognitive Disability,89.0,186.0,418.0,1252.0,2539,130671
Region XIII (Caraga),DINAGAT ISLANDS,Communication Disability,118.0,108.0,134.0,336.0,906,130671
Region XIII (Caraga),DINAGAT ISLANDS,Hearing Disability,72.0,114.0,284.0,1805.0,2969,130671
Region XIII (Caraga),DINAGAT ISLANDS,Mobility Disability,91.0,86.0,348.0,1788.0,3020,130671
Region XIII (Caraga),DINAGAT ISLANDS,Self-Care Disability,106.0,64.0,96.0,454.0,938,130671
Region XIII (Caraga),DINAGAT ISLANDS,Visual Disability,111.0,276.0,1569.0,4080.0,7885,130671
Region XIII (Caraga),SURIGAO DEL NORTE,Cognitive Disability,84.0,172.0,486.0,1311.0,10837,528148
Region XIII (Caraga),SURIGAO DEL NORTE,Communication Disability,116.0,101.0,111.0,298.0,3299,528148
Region XIII (Caraga),SURIGAO DEL NORTE,Hearing Disability,71.0,113.0,306.0,1454.0,10258,528148
Region XIII (Caraga),SURIGAO DEL NORTE,Mobility Disability,68.0,96.0,319.0,1426.0,10071,528148
Region XIII (Caraga),SURIGAO DEL NORTE,Self-Care Disability,99.0,56.0,77.0,453.0,3604,528148
Region XIII (Caraga),SURIGAO DEL NORTE,Visual Disability,150.0,366.0,2014.0,3663.0,32694,528148
Region XIII (Caraga),SURIGAO DEL SUR,Cognitive Disability,101.0,205.0,538.0,1394.0,13880,620531
Region XIII (Caraga),SURIGAO DEL SUR,Communication Disability,160.0,129.0,124.0,347.0,4706,620531
Region XIII (Caraga),SURIGAO DEL SUR,Hearing Disability,77.0,111.0,319.0,1643.0,13331,620531
Region XIII (Caraga),SURIGAO DEL SUR,Mobility Disability,86.0,98.0,333.0,1503.0,12528,620531
Region XIII (Caraga),SURIGAO DEL SUR,Self-Care Disability,125.0,58.0,80.0,442.0,4365,620531
Region XIII (Caraga),SURIGAO DEL SUR,Visual Disability,129.0,318.0,2386.0,4479.0,45359,620531
